[27Feb2025 11:08:46.339] [main/INFO] [cpw.mods.modlauncher.Launcher/MODLAUNCHER]: ModLauncher running: args [--launchTarget, forgeclientuserdev, --version, MOD_DEV, --assetIndex, 5, --assetsDir, C:\Users\gamma\.gradle\caches\forge_gradle\assets, --gameDir, ., --fml.forgeVersion, 47.3.22, --fml.mcVersion, 1.20.1, --fml.forgeGroup, net.minecraftforge, --fml.mcpVersion, 20230612.114412, --mixin.config, forgefrontier.mixins.json]
[27Feb2025 11:08:46.345] [main/INFO] [cpw.mods.modlauncher.Launcher/MODLAUNCHER]: ModLauncher 10.0.9+10.0.9+main.dcd20f30 starting: java version 17.0.14 by JetBrains s.r.o.; OS Windows 11 arch amd64 version 10.0
[27Feb2025 11:08:46.378] [main/DEBUG] [cpw.mods.modlauncher.LaunchServiceHandler/MODLAUNCHER]: Found launch services [fmlclientdev,forgeclient,minecraft,forgegametestserverdev,fmlserveruserdev,fmlclient,fmldatauserdev,forgeserverdev,forgeserveruserdev,forgeclientdev,forgeclientuserdev,forgeserver,forgedatadev,fmlserver,fmlclientuserdev,fmlserverdev,forgedatauserdev,testharness,forgegametestserveruserdev]
[27Feb2025 11:08:46.393] [main/DEBUG] [cpw.mods.modlauncher.NameMappingServiceHandler/MODLAUNCHER]: Found naming services : [srgtomcp]
[27Feb2025 11:08:46.413] [main/DEBUG] [cpw.mods.modlauncher.LaunchPluginHandler/MODLAUNCHER]: Found launch plugins: [mixin,eventbus,slf4jfixer,object_holder_definalize,runtime_enum_extender,capability_token_subclass,accesstransformer,runtimedistcleaner]
[27Feb2025 11:08:46.424] [main/DEBUG] [cpw.mods.modlauncher.TransformationServicesHandler/MODLAUNCHER]: Discovering transformation services
[27Feb2025 11:08:46.431] [main/DEBUG] [net.minecraftforge.fml.loading.FMLPaths/CORE]: Path GAMEDIR is C:\Users\gamma\IdeaProjects\ForgeFrontier\run
[27Feb2025 11:08:46.431] [main/DEBUG] [net.minecraftforge.fml.loading.FMLPaths/CORE]: Path MODSDIR is C:\Users\gamma\IdeaProjects\ForgeFrontier\run\mods
[27Feb2025 11:08:46.432] [main/DEBUG] [net.minecraftforge.fml.loading.FMLPaths/CORE]: Path CONFIGDIR is C:\Users\gamma\IdeaProjects\ForgeFrontier\run\config
[27Feb2025 11:08:46.432] [main/DEBUG] [net.minecraftforge.fml.loading.FMLPaths/CORE]: Path FMLCONFIG is C:\Users\gamma\IdeaProjects\ForgeFrontier\run\config\fml.toml
[27Feb2025 11:08:46.469] [main/DEBUG] [cpw.mods.modlauncher.TransformationServicesHandler/MODLAUNCHER]: Found additional transformation services from discovery services: 
[27Feb2025 11:08:46.476] [main/INFO] [net.minecraftforge.fml.loading.ImmediateWindowHandler/]: Loading ImmediateWindowProvider fmlearlywindow
[27Feb2025 11:08:46.567] [main/INFO] [EARLYDISPLAY/]: Trying GL version 4.6
[27Feb2025 11:08:46.910] [main/INFO] [EARLYDISPLAY/]: Requested GL version 4.6 got version 4.6
[27Feb2025 11:08:46.988] [main/DEBUG] [cpw.mods.modlauncher.TransformationServicesHandler/MODLAUNCHER]: Found transformer services : [mixin,fml]
[27Feb2025 11:08:46.988] [main/DEBUG] [cpw.mods.modlauncher.TransformationServicesHandler/MODLAUNCHER]: Transformation services loading
[27Feb2025 11:08:46.989] [main/DEBUG] [cpw.mods.modlauncher.TransformationServiceDecorator/MODLAUNCHER]: Loading service mixin
[27Feb2025 11:08:46.989] [main/DEBUG] [cpw.mods.modlauncher.TransformationServiceDecorator/MODLAUNCHER]: Loaded service mixin
[27Feb2025 11:08:46.989] [main/DEBUG] [cpw.mods.modlauncher.TransformationServiceDecorator/MODLAUNCHER]: Loading service fml
[27Feb2025 11:08:46.991] [main/DEBUG] [net.minecraftforge.fml.loading.LauncherVersion/CORE]: Found FMLLauncher version 1.0
[27Feb2025 11:08:46.991] [main/DEBUG] [net.minecraftforge.fml.loading.FMLLoader/CORE]: FML 1.0 loading
[27Feb2025 11:08:46.991] [main/DEBUG] [net.minecraftforge.fml.loading.FMLLoader/CORE]: FML found ModLauncher version : 10.0.9+10.0.9+main.dcd20f30
[27Feb2025 11:08:46.992] [main/DEBUG] [net.minecraftforge.fml.loading.FMLLoader/CORE]: Requesting CoreMods to not apply the fix for ASMAPI.findFirstInstructionBefore by default
[27Feb2025 11:08:46.993] [main/DEBUG] [net.minecraftforge.fml.loading.FMLLoader/CORE]: FML found AccessTransformer version : 8.0.4+66+master.c09db6d7
[27Feb2025 11:08:46.993] [main/DEBUG] [net.minecraftforge.fml.loading.FMLLoader/CORE]: FML found EventBus version : 6.0.5+6.0.5+master.eb8e549b
[27Feb2025 11:08:46.994] [main/DEBUG] [net.minecraftforge.fml.loading.FMLLoader/CORE]: Found Runtime Dist Cleaner
[27Feb2025 11:08:46.996] [main/DEBUG] [net.minecraftforge.coremod.CoreModEngine/]: CoreMods will preserve legacy behavior of ASMAPI.findFirstInstructionBefore for backwards-compatibility
[27Feb2025 11:08:46.996] [main/DEBUG] [net.minecraftforge.fml.loading.FMLLoader/CORE]: FML found CoreMod version : 5.2.4
[27Feb2025 11:08:46.998] [main/DEBUG] [net.minecraftforge.fml.loading.FMLLoader/CORE]: Found ForgeSPI package implementation version 7.0.1+7.0.1+master.d2b38bf6
[27Feb2025 11:08:46.998] [main/DEBUG] [net.minecraftforge.fml.loading.FMLLoader/CORE]: Found ForgeSPI package specification 5
[27Feb2025 11:08:46.998] [main/DEBUG] [cpw.mods.modlauncher.TransformationServiceDecorator/MODLAUNCHER]: Loaded service fml
[27Feb2025 11:08:46.999] [main/DEBUG] [cpw.mods.modlauncher.TransformationServicesHandler/MODLAUNCHER]: Configuring option handling for services
[27Feb2025 11:08:47.005] [main/DEBUG] [cpw.mods.modlauncher.TransformationServicesHandler/MODLAUNCHER]: Transformation services initializing
[27Feb2025 11:08:47.007] [main/DEBUG] [cpw.mods.modlauncher.TransformationServiceDecorator/MODLAUNCHER]: Initializing transformation service mixin
[27Feb2025 11:08:47.023] [main/DEBUG] [mixin/]: MixinService [ModLauncher] was successfully booted in cpw.mods.cl.ModuleClassLoader@2d3379b4
[27Feb2025 11:08:47.044] [main/INFO] [mixin/]: SpongePowered MIXIN Subsystem Version=0.8.5 Source=union:/C:/Users/gamma/.gradle/caches/modules-2/files-2.1/org.spongepowered/mixin/0.8.5/9d1c0c3a304ae6697ecd477218fa61b850bf57fc/mixin-0.8.5.jar%23129!/ Service=ModLauncher Env=CLIENT
[27Feb2025 11:08:47.048] [main/DEBUG] [mixin/]: Initialising Mixin Platform Manager
[27Feb2025 11:08:47.048] [main/DEBUG] [mixin/]: Adding mixin platform agents for container ModLauncher Root Container(ModLauncher:4f56a0a2)
[27Feb2025 11:08:47.049] [main/DEBUG] [mixin/]: Instancing new MixinPlatformAgentMinecraftForge for ModLauncher Root Container(ModLauncher:4f56a0a2)
[27Feb2025 11:08:47.049] [main/DEBUG] [mixin/]: MixinPlatformAgentMinecraftForge rejected container ModLauncher Root Container(ModLauncher:4f56a0a2)
[27Feb2025 11:08:47.051] [main/DEBUG] [mixin/]: Instancing new MixinPlatformAgentDefault for ModLauncher Root Container(ModLauncher:4f56a0a2)
[27Feb2025 11:08:47.051] [main/DEBUG] [mixin/]: MixinPlatformAgentDefault accepted container ModLauncher Root Container(ModLauncher:4f56a0a2)
[27Feb2025 11:08:47.054] [main/DEBUG] [cpw.mods.modlauncher.TransformationServiceDecorator/MODLAUNCHER]: Initialized transformation service mixin
[27Feb2025 11:08:47.054] [main/DEBUG] [cpw.mods.modlauncher.TransformationServiceDecorator/MODLAUNCHER]: Initializing transformation service fml
[27Feb2025 11:08:47.054] [main/DEBUG] [net.minecraftforge.fml.loading.FMLServiceProvider/CORE]: Setting up basic FML game directories
[27Feb2025 11:08:47.056] [main/DEBUG] [net.minecraftforge.fml.loading.FMLPaths/CORE]: Path GAMEDIR is C:\Users\gamma\IdeaProjects\ForgeFrontier\run
[27Feb2025 11:08:47.056] [main/DEBUG] [net.minecraftforge.fml.loading.FMLPaths/CORE]: Path MODSDIR is C:\Users\gamma\IdeaProjects\ForgeFrontier\run\mods
[27Feb2025 11:08:47.056] [main/DEBUG] [net.minecraftforge.fml.loading.FMLPaths/CORE]: Path CONFIGDIR is C:\Users\gamma\IdeaProjects\ForgeFrontier\run\config
[27Feb2025 11:08:47.056] [main/DEBUG] [net.minecraftforge.fml.loading.FMLPaths/CORE]: Path FMLCONFIG is C:\Users\gamma\IdeaProjects\ForgeFrontier\run\config\fml.toml
[27Feb2025 11:08:47.056] [main/DEBUG] [net.minecraftforge.fml.loading.FMLServiceProvider/CORE]: Loading configuration
[27Feb2025 11:08:47.061] [main/DEBUG] [net.minecraftforge.fml.loading.FMLServiceProvider/CORE]: Preparing ModFile
[27Feb2025 11:08:47.065] [main/DEBUG] [net.minecraftforge.fml.loading.FMLServiceProvider/CORE]: Preparing launch handler
[27Feb2025 11:08:47.067] [main/DEBUG] [net.minecraftforge.fml.loading.FMLLoader/CORE]: Using forgeclientuserdev as launch service
[27Feb2025 11:08:47.072] [pool-2-thread-1/INFO] [EARLYDISPLAY/]: GL info: AMD Radeon 780M Graphics GL version 4.6.0 Core Profile Context 23.20.60.05.240328, ATI Technologies Inc.
[27Feb2025 11:08:47.080] [main/DEBUG] [net.minecraftforge.fml.loading.FMLLoader/CORE]: Received command line version data  : VersionInfo[forgeVersion=47.3.22, mcVersion=1.20.1, mcpVersion=20230612.114412, forgeGroup=net.minecraftforge]
[27Feb2025 11:08:47.082] [main/DEBUG] [cpw.mods.modlauncher.TransformationServiceDecorator/MODLAUNCHER]: Initialized transformation service fml
[27Feb2025 11:08:47.083] [main/DEBUG] [cpw.mods.modlauncher.NameMappingServiceHandler/MODLAUNCHER]: Current naming domain is 'mcp'
[27Feb2025 11:08:47.083] [main/DEBUG] [cpw.mods.modlauncher.NameMappingServiceHandler/MODLAUNCHER]: Identified name mapping providers {srg=srgtomcp:1234}
[27Feb2025 11:08:47.083] [main/DEBUG] [cpw.mods.modlauncher.TransformationServicesHandler/MODLAUNCHER]: Transformation services begin scanning
[27Feb2025 11:08:47.084] [main/DEBUG] [cpw.mods.modlauncher.TransformationServiceDecorator/MODLAUNCHER]: Beginning scan trigger - transformation service mixin
[27Feb2025 11:08:47.084] [main/DEBUG] [cpw.mods.modlauncher.TransformationServiceDecorator/MODLAUNCHER]: End scan trigger - transformation service mixin
[27Feb2025 11:08:47.084] [main/DEBUG] [cpw.mods.modlauncher.TransformationServiceDecorator/MODLAUNCHER]: Beginning scan trigger - transformation service fml
[27Feb2025 11:08:47.086] [main/DEBUG] [net.minecraftforge.fml.loading.FMLServiceProvider/CORE]: Initiating mod scan
[27Feb2025 11:08:47.098] [main/DEBUG] [net.minecraftforge.fml.loading.moddiscovery.ModListHandler/CORE]: Found mod coordinates from lists: []
[27Feb2025 11:08:47.104] [main/DEBUG] [net.minecraftforge.fml.loading.moddiscovery.ModDiscoverer/CORE]: Found Mod Locators : (mods folder:null),(maven libs:null),(exploded directory:null),(minecraft:null),(userdev classpath:null)
[27Feb2025 11:08:47.104] [main/DEBUG] [net.minecraftforge.fml.loading.moddiscovery.ModDiscoverer/CORE]: Found Dependency Locators : (JarInJar:null)
[27Feb2025 11:08:47.114] [main/DEBUG] [net.minecraftforge.fml.loading.targets.CommonLaunchHandler/CORE]: Got mod coordinates forgefrontier%%C:/Users/gamma/IdeaProjects/ForgeFrontier\build\resources\main;forgefrontier%%C:/Users/gamma/IdeaProjects/ForgeFrontier\build\classes\java\main from env
[27Feb2025 11:08:47.115] [main/DEBUG] [net.minecraftforge.fml.loading.targets.CommonLaunchHandler/CORE]: Found supplied mod coordinates [{forgefrontier=[C:\Users\gamma\IdeaProjects\ForgeFrontier\build\resources\main, C:\Users\gamma\IdeaProjects\ForgeFrontier\build\classes\java\main]}]
[27Feb2025 11:08:47.398] [main/DEBUG] [net.minecraftforge.fml.loading.moddiscovery.ModFileInfo/LOADING]: Found valid mod file forge-1.20.1-47.3.22_mapped_parchment_2023.09.03-1.20.1.jar with {minecraft} mods - versions {1.20.1}
[27Feb2025 11:08:47.403] [main/DEBUG] [net.minecraftforge.fml.loading.moddiscovery.ModFileParser/LOADING]: Considering mod file candidate C:\Users\gamma\.gradle\caches\modules-2\files-2.1\net.minecraftforge\javafmllanguage\1.20.1-47.3.22\9a1d96e9108940786d846c8cc0dac07100e79f56\javafmllanguage-1.20.1-47.3.22.jar
[27Feb2025 11:08:47.403] [main/WARN] [net.minecraftforge.fml.loading.moddiscovery.ModFileParser/LOADING]: Mod file C:\Users\gamma\.gradle\caches\modules-2\files-2.1\net.minecraftforge\javafmllanguage\1.20.1-47.3.22\9a1d96e9108940786d846c8cc0dac07100e79f56\javafmllanguage-1.20.1-47.3.22.jar is missing mods.toml file
[27Feb2025 11:08:47.407] [main/DEBUG] [net.minecraftforge.fml.loading.moddiscovery.ModFileParser/LOADING]: Considering mod file candidate C:\Users\gamma\.gradle\caches\modules-2\files-2.1\net.minecraftforge\lowcodelanguage\1.20.1-47.3.22\2529f2c27d8f8a63ee54efc81fdfc3cea2d43c8\lowcodelanguage-1.20.1-47.3.22.jar
[27Feb2025 11:08:47.407] [main/WARN] [net.minecraftforge.fml.loading.moddiscovery.ModFileParser/LOADING]: Mod file C:\Users\gamma\.gradle\caches\modules-2\files-2.1\net.minecraftforge\lowcodelanguage\1.20.1-47.3.22\2529f2c27d8f8a63ee54efc81fdfc3cea2d43c8\lowcodelanguage-1.20.1-47.3.22.jar is missing mods.toml file
[27Feb2025 11:08:47.410] [main/DEBUG] [net.minecraftforge.fml.loading.moddiscovery.ModFileParser/LOADING]: Considering mod file candidate C:\Users\gamma\.gradle\caches\modules-2\files-2.1\net.minecraftforge\mclanguage\1.20.1-47.3.22\2de14adfd8715f1956007499d8d75c6a4e6fa872\mclanguage-1.20.1-47.3.22.jar
[27Feb2025 11:08:47.411] [main/WARN] [net.minecraftforge.fml.loading.moddiscovery.ModFileParser/LOADING]: Mod file C:\Users\gamma\.gradle\caches\modules-2\files-2.1\net.minecraftforge\mclanguage\1.20.1-47.3.22\2de14adfd8715f1956007499d8d75c6a4e6fa872\mclanguage-1.20.1-47.3.22.jar is missing mods.toml file
[27Feb2025 11:08:47.415] [main/DEBUG] [net.minecraftforge.fml.loading.moddiscovery.ModFileParser/LOADING]: Considering mod file candidate C:\Users\gamma\.gradle\caches\modules-2\files-2.1\net.minecraftforge\fmlcore\1.20.1-47.3.22\cf26aeb747e0d323f8eed9b00ebfb783282d5837\fmlcore-1.20.1-47.3.22.jar
[27Feb2025 11:08:47.415] [main/WARN] [net.minecraftforge.fml.loading.moddiscovery.ModFileParser/LOADING]: Mod file C:\Users\gamma\.gradle\caches\modules-2\files-2.1\net.minecraftforge\fmlcore\1.20.1-47.3.22\cf26aeb747e0d323f8eed9b00ebfb783282d5837\fmlcore-1.20.1-47.3.22.jar is missing mods.toml file
[27Feb2025 11:08:47.419] [main/DEBUG] [net.minecraftforge.fml.loading.moddiscovery.ModFileParser/LOADING]: Considering mod file candidate C:\Users\gamma\IdeaProjects\ForgeFrontier\build\resources\main
[27Feb2025 11:08:47.431] [main/DEBUG] [net.minecraftforge.fml.loading.moddiscovery.ModFileInfo/LOADING]: Found valid mod file main with {forgefrontier} mods - versions {1.6.0}
[27Feb2025 11:08:47.434] [main/DEBUG] [net.minecraftforge.fml.loading.moddiscovery.ModFileParser/LOADING]: Considering mod file candidate /
[27Feb2025 11:08:47.439] [main/DEBUG] [net.minecraftforge.fml.loading.moddiscovery.ModFileInfo/LOADING]: Found valid mod file  with {forge} mods - versions {47.3.22}
[27Feb2025 11:08:47.463] [main/DEBUG] [net.minecraftforge.fml.loading.moddiscovery.ModFileParser/LOADING]: Considering mod file candidate C:\Users\gamma\.gradle\caches\forge_gradle\deobf_dependencies\locallibs\Create-Dreams-n-Desires-1.20.1\0.2c.PREBETA_mapped_parchment_2023.09.03-1.20.1\Create-Dreams-n-Desires-1.20.1-0.2c.PREBETA_mapped_parchment_2023.09.03-1.20.1.jar
[27Feb2025 11:08:47.467] [main/DEBUG] [net.minecraftforge.fml.loading.moddiscovery.ModFileInfo/LOADING]: Found valid mod file Create-Dreams-n-Desires-1.20.1-0.2c.PREBETA_mapped_parchment_2023.09.03-1.20.1.jar with {create_dd} mods - versions {0.2c.PREBETA}
[27Feb2025 11:08:47.472] [main/DEBUG] [net.minecraftforge.fml.loading.moddiscovery.ModFileParser/LOADING]: Considering mod file candidate C:\Users\gamma\.gradle\caches\forge_gradle\deobf_dependencies\curse\maven\ftb-quests-forge-289412\6167056_mapped_parchment_2023.09.03-1.20.1\ftb-quests-forge-289412-6167056_mapped_parchment_2023.09.03-1.20.1.jar
[27Feb2025 11:08:47.474] [main/DEBUG] [net.minecraftforge.fml.loading.moddiscovery.ModFileInfo/LOADING]: Found valid mod file ftb-quests-forge-289412-6167056_mapped_parchment_2023.09.03-1.20.1.jar with {ftbquests} mods - versions {2001.4.11}
[27Feb2025 11:08:47.477] [main/DEBUG] [net.minecraftforge.fml.loading.moddiscovery.ModFileParser/LOADING]: Considering mod file candidate C:\Users\gamma\.gradle\caches\forge_gradle\deobf_dependencies\curse\maven\ftb-essentials-410811\4896152_mapped_parchment_2023.09.03-1.20.1\ftb-essentials-410811-4896152_mapped_parchment_2023.09.03-1.20.1.jar
[27Feb2025 11:08:47.479] [main/DEBUG] [net.minecraftforge.fml.loading.moddiscovery.ModFileInfo/LOADING]: Found valid mod file ftb-essentials-410811-4896152_mapped_parchment_2023.09.03-1.20.1.jar with {ftbessentials} mods - versions {2001.2.2}
[27Feb2025 11:08:47.482] [main/DEBUG] [net.minecraftforge.fml.loading.moddiscovery.ModFileParser/LOADING]: Considering mod file candidate C:\Users\gamma\.gradle\caches\forge_gradle\deobf_dependencies\curse\maven\ftb-teams-forge-404468\6130786_mapped_parchment_2023.09.03-1.20.1\ftb-teams-forge-404468-6130786_mapped_parchment_2023.09.03-1.20.1.jar
[27Feb2025 11:08:47.484] [main/DEBUG] [net.minecraftforge.fml.loading.moddiscovery.ModFileInfo/LOADING]: Found valid mod file ftb-teams-forge-404468-6130786_mapped_parchment_2023.09.03-1.20.1.jar with {ftbteams} mods - versions {2001.3.1}
[27Feb2025 11:08:47.488] [main/DEBUG] [net.minecraftforge.fml.loading.moddiscovery.ModFileParser/LOADING]: Considering mod file candidate C:\Users\gamma\.gradle\caches\forge_gradle\deobf_dependencies\curse\maven\ftb-library-forge-404465\6164053_mapped_parchment_2023.09.03-1.20.1\ftb-library-forge-404465-6164053_mapped_parchment_2023.09.03-1.20.1.jar
[27Feb2025 11:08:47.490] [main/DEBUG] [net.minecraftforge.fml.loading.moddiscovery.ModFileInfo/LOADING]: Found valid mod file ftb-library-forge-404465-6164053_mapped_parchment_2023.09.03-1.20.1.jar with {ftblibrary} mods - versions {2001.2.9}
[27Feb2025 11:08:47.501] [main/DEBUG] [net.minecraftforge.fml.loading.moddiscovery.ModFileParser/LOADING]: Considering mod file candidate C:\Users\gamma\.gradle\caches\forge_gradle\deobf_dependencies\com\simibubi\create\create-1.20.1\0.5.1.j-55_mapped_parchment_2023.09.03-1.20.1\create-1.20.1-0.5.1.j-55_mapped_parchment_2023.09.03-1.20.1-slim.jar
[27Feb2025 11:08:47.503] [main/DEBUG] [net.minecraftforge.fml.loading.moddiscovery.ModFileInfo/LOADING]: Found valid mod file create-1.20.1-0.5.1.j-55_mapped_parchment_2023.09.03-1.20.1-slim.jar with {create} mods - versions {0.5.1.j-55}
[27Feb2025 11:08:47.508] [main/DEBUG] [net.minecraftforge.fml.loading.moddiscovery.ModFileParser/LOADING]: Considering mod file candidate C:\Users\gamma\.gradle\caches\forge_gradle\deobf_dependencies\com\jozufozu\flywheel\flywheel-forge-1.20.1\0.6.11-13_mapped_parchment_2023.09.03-1.20.1\flywheel-forge-1.20.1-0.6.11-13_mapped_parchment_2023.09.03-1.20.1.jar
[27Feb2025 11:08:47.509] [main/DEBUG] [net.minecraftforge.fml.loading.moddiscovery.ModFileInfo/LOADING]: Found valid mod file flywheel-forge-1.20.1-0.6.11-13_mapped_parchment_2023.09.03-1.20.1.jar with {flywheel} mods - versions {0.6.11-13}
[27Feb2025 11:08:47.512] [main/DEBUG] [net.minecraftforge.fml.loading.moddiscovery.ModFileParser/LOADING]: Considering mod file candidate C:\Users\gamma\.gradle\caches\forge_gradle\deobf_dependencies\locallibs\molten_vents-1.20.1\2.0.9_mapped_parchment_2023.09.03-1.20.1\molten_vents-1.20.1-2.0.9_mapped_parchment_2023.09.03-1.20.1.jar
[27Feb2025 11:08:47.513] [main/DEBUG] [net.minecraftforge.fml.loading.moddiscovery.ModFileInfo/LOADING]: Found valid mod file molten_vents-1.20.1-2.0.9_mapped_parchment_2023.09.03-1.20.1.jar with {molten_vents} mods - versions {2.0.9}
[27Feb2025 11:08:47.517] [main/DEBUG] [net.minecraftforge.fml.loading.moddiscovery.ModFileParser/LOADING]: Considering mod file candidate C:\Users\gamma\.gradle\caches\forge_gradle\deobf_dependencies\dev\architectury\architectury-forge\9.2.14_mapped_parchment_2023.09.03-1.20.1\architectury-forge-9.2.14_mapped_parchment_2023.09.03-1.20.1.jar
[27Feb2025 11:08:47.518] [main/DEBUG] [net.minecraftforge.fml.loading.moddiscovery.ModFileInfo/LOADING]: Found valid mod file architectury-forge-9.2.14_mapped_parchment_2023.09.03-1.20.1.jar with {architectury} mods - versions {9.2.14}
[27Feb2025 11:08:47.521] [main/DEBUG] [net.minecraftforge.fml.loading.moddiscovery.ModFileParser/LOADING]: Considering mod file candidate C:\Users\gamma\.gradle\caches\forge_gradle\deobf_dependencies\dev\latvian\mods\rhino-forge\2001.2.3-build.6_mapped_parchment_2023.09.03-1.20.1\rhino-forge-2001.2.3-build.6_mapped_parchment_2023.09.03-1.20.1.jar
[27Feb2025 11:08:47.522] [main/DEBUG] [net.minecraftforge.fml.loading.moddiscovery.ModFileInfo/LOADING]: Found valid mod file rhino-forge-2001.2.3-build.6_mapped_parchment_2023.09.03-1.20.1.jar with {rhino} mods - versions {2001.2.3-build.6}
[27Feb2025 11:08:47.527] [main/DEBUG] [net.minecraftforge.fml.loading.moddiscovery.ModFileParser/LOADING]: Considering mod file candidate C:\Users\gamma\.gradle\caches\forge_gradle\deobf_dependencies\dev\latvian\mods\kubejs-forge\2001.6.5-build.17_mapped_parchment_2023.09.03-1.20.1\kubejs-forge-2001.6.5-build.17_mapped_parchment_2023.09.03-1.20.1.jar
[27Feb2025 11:08:47.528] [main/DEBUG] [net.minecraftforge.fml.loading.moddiscovery.ModFileInfo/LOADING]: Found valid mod file kubejs-forge-2001.6.5-build.17_mapped_parchment_2023.09.03-1.20.1.jar with {kubejs} mods - versions {2001.6.5-build.17}
[27Feb2025 11:08:47.532] [main/DEBUG] [net.minecraftforge.fml.loading.moddiscovery.ModFileParser/LOADING]: Considering mod file candidate C:\Users\gamma\.gradle\caches\forge_gradle\deobf_dependencies\locallibs\moonlight\1.20-2.13.53-forge_mapped_parchment_2023.09.03-1.20.1\moonlight-1.20-2.13.53-forge_mapped_parchment_2023.09.03-1.20.1.jar
[27Feb2025 11:08:47.533] [main/DEBUG] [net.minecraftforge.fml.loading.moddiscovery.ModFileInfo/LOADING]: Found valid mod file moonlight-1.20-2.13.53-forge_mapped_parchment_2023.09.03-1.20.1.jar with {moonlight} mods - versions {1.20-2.13.53}
[27Feb2025 11:08:47.536] [main/DEBUG] [net.minecraftforge.fml.loading.moddiscovery.ModFileParser/LOADING]: Considering mod file candidate C:\Users\gamma\.gradle\caches\forge_gradle\deobf_dependencies\locallibs\nether_remastered\2.2-forge-1.20.1_mapped_parchment_2023.09.03-1.20.1\nether_remastered-2.2-forge-1.20.1_mapped_parchment_2023.09.03-1.20.1.jar
[27Feb2025 11:08:47.538] [main/DEBUG] [net.minecraftforge.fml.loading.moddiscovery.ModFileInfo/LOADING]: Found valid mod file nether_remastered-2.2-forge-1.20.1_mapped_parchment_2023.09.03-1.20.1.jar with {nether_remastered} mods - versions {2.2}
[27Feb2025 11:08:47.541] [main/DEBUG] [net.minecraftforge.fml.loading.moddiscovery.ModFileParser/LOADING]: Considering mod file candidate C:\Users\gamma\.gradle\caches\forge_gradle\deobf_dependencies\curse\maven\advancedae-1084104\6117821_mapped_parchment_2023.09.03-1.20.1\advancedae-1084104-6117821_mapped_parchment_2023.09.03-1.20.1.jar
[27Feb2025 11:08:47.542] [main/DEBUG] [net.minecraftforge.fml.loading.moddiscovery.ModFileInfo/LOADING]: Found valid mod file advancedae-1084104-6117821_mapped_parchment_2023.09.03-1.20.1.jar with {advanced_ae} mods - versions {1.1.1-1.20.1}
[27Feb2025 11:08:47.545] [main/DEBUG] [net.minecraftforge.fml.loading.moddiscovery.ModFileParser/LOADING]: Considering mod file candidate C:\Users\gamma\.gradle\caches\forge_gradle\deobf_dependencies\curse\maven\create-teleporters-829272\5512163_mapped_parchment_2023.09.03-1.20.1\create-teleporters-829272-5512163_mapped_parchment_2023.09.03-1.20.1.jar
[27Feb2025 11:08:47.545] [main/DEBUG] [net.minecraftforge.fml.loading.moddiscovery.ModFileInfo/LOADING]: Found valid mod file create-teleporters-829272-5512163_mapped_parchment_2023.09.03-1.20.1.jar with {createteleporters} mods - versions {2.2}
[27Feb2025 11:08:47.548] [main/DEBUG] [net.minecraftforge.fml.loading.moddiscovery.ModFileParser/LOADING]: Considering mod file candidate C:\Users\gamma\.gradle\caches\forge_gradle\deobf_dependencies\software\bernie\geckolib\geckolib-forge-1.20.1\4.7_mapped_parchment_2023.09.03-1.20.1\geckolib-forge-1.20.1-4.7_mapped_parchment_2023.09.03-1.20.1.jar
[27Feb2025 11:08:47.550] [main/DEBUG] [net.minecraftforge.fml.loading.moddiscovery.ModFileInfo/LOADING]: Found valid mod file geckolib-forge-1.20.1-4.7_mapped_parchment_2023.09.03-1.20.1.jar with {geckolib} mods - versions {4.7}
[27Feb2025 11:08:47.552] [main/DEBUG] [net.minecraftforge.fml.loading.moddiscovery.ModFileParser/LOADING]: Considering mod file candidate C:\Users\gamma\.gradle\caches\forge_gradle\deobf_dependencies\curse\maven\create-balanced-flight-538560\5418203_mapped_parchment_2023.09.03-1.20.1\create-balanced-flight-538560-5418203_mapped_parchment_2023.09.03-1.20.1.jar
[27Feb2025 11:08:47.553] [main/DEBUG] [net.minecraftforge.fml.loading.moddiscovery.ModFileInfo/LOADING]: Found valid mod file create-balanced-flight-538560-5418203_mapped_parchment_2023.09.03-1.20.1.jar with {balancedflight} mods - versions {1.20.1_v2.3.0}
[27Feb2025 11:08:47.558] [main/DEBUG] [net.minecraftforge.fml.loading.moddiscovery.ModFileParser/LOADING]: Considering mod file candidate C:\Users\gamma\.gradle\caches\forge_gradle\deobf_dependencies\mezz\jei\jei-1.20.1-forge\15.20.0.106_mapped_parchment_2023.09.03-1.20.1\jei-1.20.1-forge-15.20.0.106_mapped_parchment_2023.09.03-1.20.1.jar
[27Feb2025 11:08:47.559] [main/DEBUG] [net.minecraftforge.fml.loading.moddiscovery.ModFileInfo/LOADING]: Found valid mod file jei-1.20.1-forge-15.20.0.106_mapped_parchment_2023.09.03-1.20.1.jar with {jei} mods - versions {15.20.0.106}
[27Feb2025 11:08:47.564] [main/DEBUG] [net.minecraftforge.fml.loading.moddiscovery.ModFileParser/LOADING]: Considering mod file candidate C:\Users\gamma\.gradle\caches\forge_gradle\deobf_dependencies\curse\maven\createaddition-439890\6084982_mapped_parchment_2023.09.03-1.20.1\createaddition-439890-6084982_mapped_parchment_2023.09.03-1.20.1.jar
[27Feb2025 11:08:47.564] [main/DEBUG] [net.minecraftforge.fml.loading.moddiscovery.ModFileInfo/LOADING]: Found valid mod file createaddition-439890-6084982_mapped_parchment_2023.09.03-1.20.1.jar with {createaddition} mods - versions {1.20.1-1.2.5}
[27Feb2025 11:08:47.567] [main/DEBUG] [net.minecraftforge.fml.loading.moddiscovery.ModFileParser/LOADING]: Considering mod file candidate C:\Users\gamma\.gradle\caches\forge_gradle\deobf_dependencies\curse\maven\pipez-443900\4916633#Pipez_mapped_parchment_2023.09.03-1.20.1\pipez-443900-4916633#Pipez_mapped_parchment_2023.09.03-1.20.1.jar
[27Feb2025 11:08:47.569] [main/DEBUG] [net.minecraftforge.fml.loading.moddiscovery.ModFileInfo/LOADING]: Found valid mod file pipez-443900-4916633#Pipez_mapped_parchment_2023.09.03-1.20.1.jar with {pipez} mods - versions {1.20.1-1.2.5}
[27Feb2025 11:08:47.574] [main/DEBUG] [net.minecraftforge.fml.loading.moddiscovery.ModFileParser/LOADING]: Considering mod file candidate C:\Users\gamma\.gradle\caches\forge_gradle\deobf_dependencies\appeng\appliedenergistics2-forge\15.3.3_mapped_parchment_2023.09.03-1.20.1\appliedenergistics2-forge-15.3.3_mapped_parchment_2023.09.03-1.20.1.jar
[27Feb2025 11:08:47.576] [main/DEBUG] [net.minecraftforge.fml.loading.moddiscovery.ModFileInfo/LOADING]: Found valid mod file appliedenergistics2-forge-15.3.3_mapped_parchment_2023.09.03-1.20.1.jar with {ae2} mods - versions {15.3.3}
[27Feb2025 11:08:47.580] [main/DEBUG] [net.minecraftforge.fml.loading.moddiscovery.ModFileParser/LOADING]: Considering mod file candidate C:\Users\gamma\.gradle\caches\forge_gradle\deobf_dependencies\curse\maven\create-stuff-additions-466792\6168370_mapped_parchment_2023.09.03-1.20.1\create-stuff-additions-466792-6168370_mapped_parchment_2023.09.03-1.20.1.jar
[27Feb2025 11:08:47.580] [main/DEBUG] [net.minecraftforge.fml.loading.moddiscovery.ModFileInfo/LOADING]: Found valid mod file create-stuff-additions-466792-6168370_mapped_parchment_2023.09.03-1.20.1.jar with {create_sa} mods - versions {2.0.8}
[27Feb2025 11:08:47.585] [main/DEBUG] [net.minecraftforge.fml.loading.moddiscovery.ModFileParser/LOADING]: Considering mod file candidate C:\Users\gamma\.gradle\caches\forge_gradle\deobf_dependencies\top\theillusivec4\curios\curios-forge\5.11.1+1.20.1_mapped_parchment_2023.09.03-1.20.1\curios-forge-5.11.1+1.20.1_mapped_parchment_2023.09.03-1.20.1.jar
[27Feb2025 11:08:47.586] [main/DEBUG] [net.minecraftforge.fml.loading.moddiscovery.ModFileInfo/LOADING]: Found valid mod file curios-forge-5.11.1+1.20.1_mapped_parchment_2023.09.03-1.20.1.jar with {curios} mods - versions {5.11.1+1.20.1}
[27Feb2025 11:08:47.602] [main/DEBUG] [net.minecraftforge.fml.loading.moddiscovery.ModFileParser/LOADING]: Considering mod file candidate C:\Users\gamma\.gradle\caches\forge_gradle\deobf_dependencies\locallibs\Create-Dreams-n-Desires-1.20.1\0.2c.PREBETA_mapped_parchment_2023.09.03-1.20.1\Create-Dreams-n-Desires-1.20.1-0.2c.PREBETA_mapped_parchment_2023.09.03-1.20.1.jar
[27Feb2025 11:08:47.603] [main/DEBUG] [net.minecraftforge.fml.loading.moddiscovery.ModFileInfo/LOADING]: Found valid mod file Create-Dreams-n-Desires-1.20.1-0.2c.PREBETA_mapped_parchment_2023.09.03-1.20.1.jar with {create_dd} mods - versions {0.2c.PREBETA}
[27Feb2025 11:08:47.607] [main/DEBUG] [net.minecraftforge.fml.loading.moddiscovery.ModFileParser/LOADING]: Considering mod file candidate C:\Users\gamma\.gradle\caches\forge_gradle\deobf_dependencies\curse\maven\ftb-quests-forge-289412\6167056_mapped_parchment_2023.09.03-1.20.1\ftb-quests-forge-289412-6167056_mapped_parchment_2023.09.03-1.20.1.jar
[27Feb2025 11:08:47.609] [main/DEBUG] [net.minecraftforge.fml.loading.moddiscovery.ModFileInfo/LOADING]: Found valid mod file ftb-quests-forge-289412-6167056_mapped_parchment_2023.09.03-1.20.1.jar with {ftbquests} mods - versions {2001.4.11}
[27Feb2025 11:08:47.612] [main/DEBUG] [net.minecraftforge.fml.loading.moddiscovery.ModFileParser/LOADING]: Considering mod file candidate C:\Users\gamma\.gradle\caches\forge_gradle\deobf_dependencies\curse\maven\ftb-essentials-410811\4896152_mapped_parchment_2023.09.03-1.20.1\ftb-essentials-410811-4896152_mapped_parchment_2023.09.03-1.20.1.jar
[27Feb2025 11:08:47.612] [main/DEBUG] [net.minecraftforge.fml.loading.moddiscovery.ModFileInfo/LOADING]: Found valid mod file ftb-essentials-410811-4896152_mapped_parchment_2023.09.03-1.20.1.jar with {ftbessentials} mods - versions {2001.2.2}
[27Feb2025 11:08:47.616] [main/DEBUG] [net.minecraftforge.fml.loading.moddiscovery.ModFileParser/LOADING]: Considering mod file candidate C:\Users\gamma\.gradle\caches\forge_gradle\deobf_dependencies\curse\maven\ftb-teams-forge-404468\6130786_mapped_parchment_2023.09.03-1.20.1\ftb-teams-forge-404468-6130786_mapped_parchment_2023.09.03-1.20.1.jar
[27Feb2025 11:08:47.617] [main/DEBUG] [net.minecraftforge.fml.loading.moddiscovery.ModFileInfo/LOADING]: Found valid mod file ftb-teams-forge-404468-6130786_mapped_parchment_2023.09.03-1.20.1.jar with {ftbteams} mods - versions {2001.3.1}
[27Feb2025 11:08:47.618] [main/DEBUG] [net.minecraftforge.fml.loading.moddiscovery.ModFileParser/LOADING]: Considering mod file candidate C:\Users\gamma\.gradle\caches\forge_gradle\deobf_dependencies\curse\maven\ftb-library-forge-404465\6164053_mapped_parchment_2023.09.03-1.20.1\ftb-library-forge-404465-6164053_mapped_parchment_2023.09.03-1.20.1.jar
[27Feb2025 11:08:47.620] [main/DEBUG] [net.minecraftforge.fml.loading.moddiscovery.ModFileInfo/LOADING]: Found valid mod file ftb-library-forge-404465-6164053_mapped_parchment_2023.09.03-1.20.1.jar with {ftblibrary} mods - versions {2001.2.9}
[27Feb2025 11:08:47.629] [main/DEBUG] [net.minecraftforge.fml.loading.moddiscovery.ModFileParser/LOADING]: Considering mod file candidate C:\Users\gamma\.gradle\caches\forge_gradle\deobf_dependencies\com\simibubi\create\create-1.20.1\0.5.1.j-55_mapped_parchment_2023.09.03-1.20.1\create-1.20.1-0.5.1.j-55_mapped_parchment_2023.09.03-1.20.1-slim.jar
[27Feb2025 11:08:47.629] [main/DEBUG] [net.minecraftforge.fml.loading.moddiscovery.ModFileInfo/LOADING]: Found valid mod file create-1.20.1-0.5.1.j-55_mapped_parchment_2023.09.03-1.20.1-slim.jar with {create} mods - versions {0.5.1.j-55}
[27Feb2025 11:08:47.634] [main/DEBUG] [net.minecraftforge.fml.loading.moddiscovery.ModFileParser/LOADING]: Considering mod file candidate C:\Users\gamma\.gradle\caches\forge_gradle\deobf_dependencies\com\jozufozu\flywheel\flywheel-forge-1.20.1\0.6.11-13_mapped_parchment_2023.09.03-1.20.1\flywheel-forge-1.20.1-0.6.11-13_mapped_parchment_2023.09.03-1.20.1.jar
[27Feb2025 11:08:47.634] [main/DEBUG] [net.minecraftforge.fml.loading.moddiscovery.ModFileInfo/LOADING]: Found valid mod file flywheel-forge-1.20.1-0.6.11-13_mapped_parchment_2023.09.03-1.20.1.jar with {flywheel} mods - versions {0.6.11-13}
[27Feb2025 11:08:47.646] [main/DEBUG] [net.minecraftforge.fml.loading.moddiscovery.ModFileParser/LOADING]: Considering mod file candidate C:\Users\gamma\.gradle\caches\forge_gradle\deobf_dependencies\locallibs\molten_vents-1.20.1\2.0.9_mapped_parchment_2023.09.03-1.20.1\molten_vents-1.20.1-2.0.9_mapped_parchment_2023.09.03-1.20.1.jar
[27Feb2025 11:08:47.647] [main/DEBUG] [net.minecraftforge.fml.loading.moddiscovery.ModFileInfo/LOADING]: Found valid mod file molten_vents-1.20.1-2.0.9_mapped_parchment_2023.09.03-1.20.1.jar with {molten_vents} mods - versions {2.0.9}
[27Feb2025 11:08:47.650] [main/DEBUG] [net.minecraftforge.fml.loading.moddiscovery.ModFileParser/LOADING]: Considering mod file candidate C:\Users\gamma\.gradle\caches\forge_gradle\deobf_dependencies\dev\architectury\architectury-forge\9.2.14_mapped_parchment_2023.09.03-1.20.1\architectury-forge-9.2.14_mapped_parchment_2023.09.03-1.20.1.jar
[27Feb2025 11:08:47.652] [main/DEBUG] [net.minecraftforge.fml.loading.moddiscovery.ModFileInfo/LOADING]: Found valid mod file architectury-forge-9.2.14_mapped_parchment_2023.09.03-1.20.1.jar with {architectury} mods - versions {9.2.14}
[27Feb2025 11:08:47.656] [main/DEBUG] [net.minecraftforge.fml.loading.moddiscovery.ModFileParser/LOADING]: Considering mod file candidate C:\Users\gamma\.gradle\caches\forge_gradle\deobf_dependencies\dev\latvian\mods\rhino-forge\2001.2.3-build.6_mapped_parchment_2023.09.03-1.20.1\rhino-forge-2001.2.3-build.6_mapped_parchment_2023.09.03-1.20.1.jar
[27Feb2025 11:08:47.657] [main/DEBUG] [net.minecraftforge.fml.loading.moddiscovery.ModFileInfo/LOADING]: Found valid mod file rhino-forge-2001.2.3-build.6_mapped_parchment_2023.09.03-1.20.1.jar with {rhino} mods - versions {2001.2.3-build.6}
[27Feb2025 11:08:47.660] [main/DEBUG] [net.minecraftforge.fml.loading.moddiscovery.ModFileParser/LOADING]: Considering mod file candidate C:\Users\gamma\.gradle\caches\forge_gradle\deobf_dependencies\dev\latvian\mods\kubejs-forge\2001.6.5-build.17_mapped_parchment_2023.09.03-1.20.1\kubejs-forge-2001.6.5-build.17_mapped_parchment_2023.09.03-1.20.1.jar
[27Feb2025 11:08:47.660] [main/DEBUG] [net.minecraftforge.fml.loading.moddiscovery.ModFileInfo/LOADING]: Found valid mod file kubejs-forge-2001.6.5-build.17_mapped_parchment_2023.09.03-1.20.1.jar with {kubejs} mods - versions {2001.6.5-build.17}
[27Feb2025 11:08:47.664] [main/DEBUG] [net.minecraftforge.fml.loading.moddiscovery.ModFileParser/LOADING]: Considering mod file candidate C:\Users\gamma\.gradle\caches\forge_gradle\deobf_dependencies\locallibs\moonlight\1.20-2.13.53-forge_mapped_parchment_2023.09.03-1.20.1\moonlight-1.20-2.13.53-forge_mapped_parchment_2023.09.03-1.20.1.jar
[27Feb2025 11:08:47.665] [main/DEBUG] [net.minecraftforge.fml.loading.moddiscovery.ModFileInfo/LOADING]: Found valid mod file moonlight-1.20-2.13.53-forge_mapped_parchment_2023.09.03-1.20.1.jar with {moonlight} mods - versions {1.20-2.13.53}
[27Feb2025 11:08:47.668] [main/DEBUG] [net.minecraftforge.fml.loading.moddiscovery.ModFileParser/LOADING]: Considering mod file candidate C:\Users\gamma\.gradle\caches\forge_gradle\deobf_dependencies\locallibs\nether_remastered\2.2-forge-1.20.1_mapped_parchment_2023.09.03-1.20.1\nether_remastered-2.2-forge-1.20.1_mapped_parchment_2023.09.03-1.20.1.jar
[27Feb2025 11:08:47.668] [main/DEBUG] [net.minecraftforge.fml.loading.moddiscovery.ModFileInfo/LOADING]: Found valid mod file nether_remastered-2.2-forge-1.20.1_mapped_parchment_2023.09.03-1.20.1.jar with {nether_remastered} mods - versions {2.2}
[27Feb2025 11:08:47.673] [main/DEBUG] [net.minecraftforge.fml.loading.moddiscovery.ModFileParser/LOADING]: Considering mod file candidate C:\Users\gamma\.gradle\caches\forge_gradle\deobf_dependencies\curse\maven\advancedae-1084104\6117821_mapped_parchment_2023.09.03-1.20.1\advancedae-1084104-6117821_mapped_parchment_2023.09.03-1.20.1.jar
[27Feb2025 11:08:47.674] [main/DEBUG] [net.minecraftforge.fml.loading.moddiscovery.ModFileInfo/LOADING]: Found valid mod file advancedae-1084104-6117821_mapped_parchment_2023.09.03-1.20.1.jar with {advanced_ae} mods - versions {1.1.1-1.20.1}
[27Feb2025 11:08:47.677] [main/DEBUG] [net.minecraftforge.fml.loading.moddiscovery.ModFileParser/LOADING]: Considering mod file candidate C:\Users\gamma\.gradle\caches\forge_gradle\deobf_dependencies\curse\maven\create-teleporters-829272\5512163_mapped_parchment_2023.09.03-1.20.1\create-teleporters-829272-5512163_mapped_parchment_2023.09.03-1.20.1.jar
[27Feb2025 11:08:47.678] [main/DEBUG] [net.minecraftforge.fml.loading.moddiscovery.ModFileInfo/LOADING]: Found valid mod file create-teleporters-829272-5512163_mapped_parchment_2023.09.03-1.20.1.jar with {createteleporters} mods - versions {2.2}
[27Feb2025 11:08:47.680] [main/DEBUG] [net.minecraftforge.fml.loading.moddiscovery.ModFileParser/LOADING]: Considering mod file candidate C:\Users\gamma\.gradle\caches\forge_gradle\deobf_dependencies\software\bernie\geckolib\geckolib-forge-1.20.1\4.7_mapped_parchment_2023.09.03-1.20.1\geckolib-forge-1.20.1-4.7_mapped_parchment_2023.09.03-1.20.1.jar
[27Feb2025 11:08:47.682] [main/DEBUG] [net.minecraftforge.fml.loading.moddiscovery.ModFileInfo/LOADING]: Found valid mod file geckolib-forge-1.20.1-4.7_mapped_parchment_2023.09.03-1.20.1.jar with {geckolib} mods - versions {4.7}
[27Feb2025 11:08:47.688] [main/DEBUG] [net.minecraftforge.fml.loading.moddiscovery.ModFileParser/LOADING]: Considering mod file candidate C:\Users\gamma\.gradle\caches\forge_gradle\deobf_dependencies\curse\maven\create-balanced-flight-538560\5418203_mapped_parchment_2023.09.03-1.20.1\create-balanced-flight-538560-5418203_mapped_parchment_2023.09.03-1.20.1.jar
[27Feb2025 11:08:47.690] [main/DEBUG] [net.minecraftforge.fml.loading.moddiscovery.ModFileInfo/LOADING]: Found valid mod file create-balanced-flight-538560-5418203_mapped_parchment_2023.09.03-1.20.1.jar with {balancedflight} mods - versions {1.20.1_v2.3.0}
[27Feb2025 11:08:47.693] [main/DEBUG] [net.minecraftforge.fml.loading.moddiscovery.ModFileParser/LOADING]: Considering mod file candidate C:\Users\gamma\.gradle\caches\forge_gradle\deobf_dependencies\mezz\jei\jei-1.20.1-forge\15.20.0.106_mapped_parchment_2023.09.03-1.20.1\jei-1.20.1-forge-15.20.0.106_mapped_parchment_2023.09.03-1.20.1.jar
[27Feb2025 11:08:47.695] [main/DEBUG] [net.minecraftforge.fml.loading.moddiscovery.ModFileInfo/LOADING]: Found valid mod file jei-1.20.1-forge-15.20.0.106_mapped_parchment_2023.09.03-1.20.1.jar with {jei} mods - versions {15.20.0.106}
[27Feb2025 11:08:47.700] [main/DEBUG] [net.minecraftforge.fml.loading.moddiscovery.ModFileParser/LOADING]: Considering mod file candidate C:\Users\gamma\.gradle\caches\forge_gradle\deobf_dependencies\curse\maven\createaddition-439890\6084982_mapped_parchment_2023.09.03-1.20.1\createaddition-439890-6084982_mapped_parchment_2023.09.03-1.20.1.jar
[27Feb2025 11:08:47.701] [main/DEBUG] [net.minecraftforge.fml.loading.moddiscovery.ModFileInfo/LOADING]: Found valid mod file createaddition-439890-6084982_mapped_parchment_2023.09.03-1.20.1.jar with {createaddition} mods - versions {1.20.1-1.2.5}
[27Feb2025 11:08:47.704] [main/DEBUG] [net.minecraftforge.fml.loading.moddiscovery.ModFileParser/LOADING]: Considering mod file candidate C:\Users\gamma\.gradle\caches\forge_gradle\deobf_dependencies\curse\maven\pipez-443900\4916633#Pipez_mapped_parchment_2023.09.03-1.20.1\pipez-443900-4916633#Pipez_mapped_parchment_2023.09.03-1.20.1.jar
[27Feb2025 11:08:47.706] [main/DEBUG] [net.minecraftforge.fml.loading.moddiscovery.ModFileInfo/LOADING]: Found valid mod file pipez-443900-4916633#Pipez_mapped_parchment_2023.09.03-1.20.1.jar with {pipez} mods - versions {1.20.1-1.2.5}
[27Feb2025 11:08:47.711] [main/DEBUG] [net.minecraftforge.fml.loading.moddiscovery.ModFileParser/LOADING]: Considering mod file candidate C:\Users\gamma\.gradle\caches\forge_gradle\deobf_dependencies\appeng\appliedenergistics2-forge\15.3.3_mapped_parchment_2023.09.03-1.20.1\appliedenergistics2-forge-15.3.3_mapped_parchment_2023.09.03-1.20.1.jar
[27Feb2025 11:08:47.713] [main/DEBUG] [net.minecraftforge.fml.loading.moddiscovery.ModFileInfo/LOADING]: Found valid mod file appliedenergistics2-forge-15.3.3_mapped_parchment_2023.09.03-1.20.1.jar with {ae2} mods - versions {15.3.3}
[27Feb2025 11:08:47.716] [main/DEBUG] [net.minecraftforge.fml.loading.moddiscovery.ModFileParser/LOADING]: Considering mod file candidate C:\Users\gamma\.gradle\caches\forge_gradle\deobf_dependencies\curse\maven\create-stuff-additions-466792\6168370_mapped_parchment_2023.09.03-1.20.1\create-stuff-additions-466792-6168370_mapped_parchment_2023.09.03-1.20.1.jar
[27Feb2025 11:08:47.716] [main/DEBUG] [net.minecraftforge.fml.loading.moddiscovery.ModFileInfo/LOADING]: Found valid mod file create-stuff-additions-466792-6168370_mapped_parchment_2023.09.03-1.20.1.jar with {create_sa} mods - versions {2.0.8}
[27Feb2025 11:08:47.720] [main/DEBUG] [net.minecraftforge.fml.loading.moddiscovery.ModFileParser/LOADING]: Considering mod file candidate C:\Users\gamma\.gradle\caches\forge_gradle\deobf_dependencies\top\theillusivec4\curios\curios-forge\5.11.1+1.20.1_mapped_parchment_2023.09.03-1.20.1\curios-forge-5.11.1+1.20.1_mapped_parchment_2023.09.03-1.20.1.jar
[27Feb2025 11:08:47.720] [main/DEBUG] [net.minecraftforge.fml.loading.moddiscovery.ModFileInfo/LOADING]: Found valid mod file curios-forge-5.11.1+1.20.1_mapped_parchment_2023.09.03-1.20.1.jar with {curios} mods - versions {5.11.1+1.20.1}
[27Feb2025 11:08:47.733] [main/DEBUG] [net.minecraftforge.fml.loading.UniqueModListBuilder/]: Found 2 mods for first modid kubejs, selecting most recent based on version data
[27Feb2025 11:08:47.733] [main/DEBUG] [net.minecraftforge.fml.loading.UniqueModListBuilder/]: Selected file kubejs-forge-2001.6.5-build.17_mapped_parchment_2023.09.03-1.20.1.jar for modid kubejs with version 2001.6.5-build.17
[27Feb2025 11:08:47.733] [main/DEBUG] [net.minecraftforge.fml.loading.UniqueModListBuilder/]: Found 2 mods for first modid rhino, selecting most recent based on version data
[27Feb2025 11:08:47.734] [main/DEBUG] [net.minecraftforge.fml.loading.UniqueModListBuilder/]: Selected file rhino-forge-2001.2.3-build.6_mapped_parchment_2023.09.03-1.20.1.jar for modid rhino with version 2001.2.3-build.6
[27Feb2025 11:08:47.734] [main/DEBUG] [net.minecraftforge.fml.loading.UniqueModListBuilder/]: Found 2 mods for first modid moonlight, selecting most recent based on version data
[27Feb2025 11:08:47.734] [main/DEBUG] [net.minecraftforge.fml.loading.UniqueModListBuilder/]: Selected file moonlight-1.20-2.13.53-forge_mapped_parchment_2023.09.03-1.20.1.jar for modid moonlight with version 1.20-2.13.53
[27Feb2025 11:08:47.734] [main/DEBUG] [net.minecraftforge.fml.loading.UniqueModListBuilder/]: Found 2 mods for first modid ftbessentials, selecting most recent based on version data
[27Feb2025 11:08:47.734] [main/DEBUG] [net.minecraftforge.fml.loading.UniqueModListBuilder/]: Selected file ftb-essentials-410811-4896152_mapped_parchment_2023.09.03-1.20.1.jar for modid ftbessentials with version 2001.2.2
[27Feb2025 11:08:47.734] [main/DEBUG] [net.minecraftforge.fml.loading.UniqueModListBuilder/]: Found 2 mods for first modid ftbquests, selecting most recent based on version data
[27Feb2025 11:08:47.734] [main/DEBUG] [net.minecraftforge.fml.loading.UniqueModListBuilder/]: Selected file ftb-quests-forge-289412-6167056_mapped_parchment_2023.09.03-1.20.1.jar for modid ftbquests with version 2001.4.11
[27Feb2025 11:08:47.734] [main/DEBUG] [net.minecraftforge.fml.loading.UniqueModListBuilder/]: Found 2 mods for first modid ftblibrary, selecting most recent based on version data
[27Feb2025 11:08:47.734] [main/DEBUG] [net.minecraftforge.fml.loading.UniqueModListBuilder/]: Selected file ftb-library-forge-404465-6164053_mapped_parchment_2023.09.03-1.20.1.jar for modid ftblibrary with version 2001.2.9
[27Feb2025 11:08:47.734] [main/DEBUG] [net.minecraftforge.fml.loading.UniqueModListBuilder/]: Found 2 mods for first modid create_dd, selecting most recent based on version data
[27Feb2025 11:08:47.734] [main/DEBUG] [net.minecraftforge.fml.loading.UniqueModListBuilder/]: Selected file Create-Dreams-n-Desires-1.20.1-0.2c.PREBETA_mapped_parchment_2023.09.03-1.20.1.jar for modid create_dd with version 0.2c.PREBETA
[27Feb2025 11:08:47.734] [main/DEBUG] [net.minecraftforge.fml.loading.UniqueModListBuilder/]: Found 2 mods for first modid geckolib, selecting most recent based on version data
[27Feb2025 11:08:47.734] [main/DEBUG] [net.minecraftforge.fml.loading.UniqueModListBuilder/]: Selected file geckolib-forge-1.20.1-4.7_mapped_parchment_2023.09.03-1.20.1.jar for modid geckolib with version 4.7
[27Feb2025 11:08:47.734] [main/DEBUG] [net.minecraftforge.fml.loading.UniqueModListBuilder/]: Found 2 mods for first modid ae2, selecting most recent based on version data
[27Feb2025 11:08:47.734] [main/DEBUG] [net.minecraftforge.fml.loading.UniqueModListBuilder/]: Selected file appliedenergistics2-forge-15.3.3_mapped_parchment_2023.09.03-1.20.1.jar for modid ae2 with version 15.3.3
[27Feb2025 11:08:47.736] [main/DEBUG] [net.minecraftforge.fml.loading.UniqueModListBuilder/]: Found 2 mods for first modid jei, selecting most recent based on version data
[27Feb2025 11:08:47.736] [main/DEBUG] [net.minecraftforge.fml.loading.UniqueModListBuilder/]: Selected file jei-1.20.1-forge-15.20.0.106_mapped_parchment_2023.09.03-1.20.1.jar for modid jei with version 15.20.0.106
[27Feb2025 11:08:47.736] [main/DEBUG] [net.minecraftforge.fml.loading.UniqueModListBuilder/]: Found 2 mods for first modid pipez, selecting most recent based on version data
[27Feb2025 11:08:47.736] [main/DEBUG] [net.minecraftforge.fml.loading.UniqueModListBuilder/]: Selected file pipez-443900-4916633#Pipez_mapped_parchment_2023.09.03-1.20.1.jar for modid pipez with version 1.20.1-1.2.5
[27Feb2025 11:08:47.736] [main/DEBUG] [net.minecraftforge.fml.loading.UniqueModListBuilder/]: Found 2 mods for first modid curios, selecting most recent based on version data
[27Feb2025 11:08:47.736] [main/DEBUG] [net.minecraftforge.fml.loading.UniqueModListBuilder/]: Selected file curios-forge-5.11.1+1.20.1_mapped_parchment_2023.09.03-1.20.1.jar for modid curios with version 5.11.1+1.20.1
[27Feb2025 11:08:47.736] [main/DEBUG] [net.minecraftforge.fml.loading.UniqueModListBuilder/]: Found 2 mods for first modid flywheel, selecting most recent based on version data
[27Feb2025 11:08:47.736] [main/DEBUG] [net.minecraftforge.fml.loading.UniqueModListBuilder/]: Selected file flywheel-forge-1.20.1-0.6.11-13_mapped_parchment_2023.09.03-1.20.1.jar for modid flywheel with version 0.6.11-13
[27Feb2025 11:08:47.736] [main/DEBUG] [net.minecraftforge.fml.loading.UniqueModListBuilder/]: Found 2 mods for first modid create, selecting most recent based on version data
[27Feb2025 11:08:47.736] [main/DEBUG] [net.minecraftforge.fml.loading.UniqueModListBuilder/]: Selected file create-1.20.1-0.5.1.j-55_mapped_parchment_2023.09.03-1.20.1-slim.jar for modid create with version 0.5.1.j-55
[27Feb2025 11:08:47.736] [main/DEBUG] [net.minecraftforge.fml.loading.UniqueModListBuilder/]: Found 2 mods for first modid create_sa, selecting most recent based on version data
[27Feb2025 11:08:47.736] [main/DEBUG] [net.minecraftforge.fml.loading.UniqueModListBuilder/]: Selected file create-stuff-additions-466792-6168370_mapped_parchment_2023.09.03-1.20.1.jar for modid create_sa with version 2.0.8
[27Feb2025 11:08:47.736] [main/DEBUG] [net.minecraftforge.fml.loading.UniqueModListBuilder/]: Found 2 mods for first modid balancedflight, selecting most recent based on version data
[27Feb2025 11:08:47.736] [main/DEBUG] [net.minecraftforge.fml.loading.UniqueModListBuilder/]: Selected file create-balanced-flight-538560-5418203_mapped_parchment_2023.09.03-1.20.1.jar for modid balancedflight with version 1.20.1_v2.3.0
[27Feb2025 11:08:47.736] [main/DEBUG] [net.minecraftforge.fml.loading.UniqueModListBuilder/]: Found 2 mods for first modid nether_remastered, selecting most recent based on version data
[27Feb2025 11:08:47.736] [main/DEBUG] [net.minecraftforge.fml.loading.UniqueModListBuilder/]: Selected file nether_remastered-2.2-forge-1.20.1_mapped_parchment_2023.09.03-1.20.1.jar for modid nether_remastered with version 2.2
[27Feb2025 11:08:47.736] [main/DEBUG] [net.minecraftforge.fml.loading.UniqueModListBuilder/]: Found 2 mods for first modid architectury, selecting most recent based on version data
[27Feb2025 11:08:47.736] [main/DEBUG] [net.minecraftforge.fml.loading.UniqueModListBuilder/]: Selected file architectury-forge-9.2.14_mapped_parchment_2023.09.03-1.20.1.jar for modid architectury with version 9.2.14
[27Feb2025 11:08:47.736] [main/DEBUG] [net.minecraftforge.fml.loading.UniqueModListBuilder/]: Found 2 mods for first modid molten_vents, selecting most recent based on version data
[27Feb2025 11:08:47.736] [main/DEBUG] [net.minecraftforge.fml.loading.UniqueModListBuilder/]: Selected file molten_vents-1.20.1-2.0.9_mapped_parchment_2023.09.03-1.20.1.jar for modid molten_vents with version 2.0.9
[27Feb2025 11:08:47.736] [main/DEBUG] [net.minecraftforge.fml.loading.UniqueModListBuilder/]: Found 2 mods for first modid advanced_ae, selecting most recent based on version data
[27Feb2025 11:08:47.738] [main/DEBUG] [net.minecraftforge.fml.loading.UniqueModListBuilder/]: Selected file advancedae-1084104-6117821_mapped_parchment_2023.09.03-1.20.1.jar for modid advanced_ae with version 1.1.1-1.20.1
[27Feb2025 11:08:47.738] [main/DEBUG] [net.minecraftforge.fml.loading.UniqueModListBuilder/]: Found 2 mods for first modid ftbteams, selecting most recent based on version data
[27Feb2025 11:08:47.738] [main/DEBUG] [net.minecraftforge.fml.loading.UniqueModListBuilder/]: Selected file ftb-teams-forge-404468-6130786_mapped_parchment_2023.09.03-1.20.1.jar for modid ftbteams with version 2001.3.1
[27Feb2025 11:08:47.738] [main/DEBUG] [net.minecraftforge.fml.loading.UniqueModListBuilder/]: Found 2 mods for first modid createteleporters, selecting most recent based on version data
[27Feb2025 11:08:47.738] [main/DEBUG] [net.minecraftforge.fml.loading.UniqueModListBuilder/]: Selected file create-teleporters-829272-5512163_mapped_parchment_2023.09.03-1.20.1.jar for modid createteleporters with version 2.2
[27Feb2025 11:08:47.738] [main/DEBUG] [net.minecraftforge.fml.loading.UniqueModListBuilder/]: Found 2 mods for first modid createaddition, selecting most recent based on version data
[27Feb2025 11:08:47.738] [main/DEBUG] [net.minecraftforge.fml.loading.UniqueModListBuilder/]: Selected file createaddition-439890-6084982_mapped_parchment_2023.09.03-1.20.1.jar for modid createaddition with version 1.20.1-1.2.5
[27Feb2025 11:08:47.746] [main/DEBUG] [net.minecraftforge.fml.loading.moddiscovery.AbstractJarFileDependencyLocator/]: Failed to load resource META-INF\jarjar\metadata.json from forge-1.20.1-47.3.22_mapped_parchment_2023.09.03-1.20.1.jar, it does not contain dependency information.
[27Feb2025 11:08:47.747] [main/DEBUG] [net.minecraftforge.fml.loading.moddiscovery.AbstractJarFileDependencyLocator/]: Failed to load resource META-INF\jarjar\metadata.json from rhino-forge-2001.2.3-build.6_mapped_parchment_2023.09.03-1.20.1.jar, it does not contain dependency information.
[27Feb2025 11:08:47.747] [main/DEBUG] [net.minecraftforge.fml.loading.moddiscovery.AbstractJarFileDependencyLocator/]: Failed to load resource META-INF\jarjar\metadata.json from ftb-essentials-410811-4896152_mapped_parchment_2023.09.03-1.20.1.jar, it does not contain dependency information.
[27Feb2025 11:08:47.747] [main/DEBUG] [net.minecraftforge.fml.loading.moddiscovery.AbstractJarFileDependencyLocator/]: Failed to load resource META-INF\jarjar\metadata.json from ftb-quests-forge-289412-6167056_mapped_parchment_2023.09.03-1.20.1.jar, it does not contain dependency information.
[27Feb2025 11:08:47.747] [main/DEBUG] [net.minecraftforge.fml.loading.moddiscovery.AbstractJarFileDependencyLocator/]: Failed to load resource META-INF\jarjar\metadata.json from ftb-library-forge-404465-6164053_mapped_parchment_2023.09.03-1.20.1.jar, it does not contain dependency information.
[27Feb2025 11:08:47.747] [main/DEBUG] [net.minecraftforge.fml.loading.moddiscovery.AbstractJarFileDependencyLocator/]: Failed to load resource META-INF\jarjar\metadata.json from Create-Dreams-n-Desires-1.20.1-0.2c.PREBETA_mapped_parchment_2023.09.03-1.20.1.jar, it does not contain dependency information.
[27Feb2025 11:08:47.749] [main/DEBUG] [net.minecraftforge.fml.loading.moddiscovery.AbstractJarFileDependencyLocator/]: Failed to load resource META-INF\jarjar\metadata.json from appliedenergistics2-forge-15.3.3_mapped_parchment_2023.09.03-1.20.1.jar, it does not contain dependency information.
[27Feb2025 11:08:47.749] [main/DEBUG] [net.minecraftforge.fml.loading.moddiscovery.AbstractJarFileDependencyLocator/]: Failed to load resource META-INF\jarjar\metadata.json from jei-1.20.1-forge-15.20.0.106_mapped_parchment_2023.09.03-1.20.1.jar, it does not contain dependency information.
[27Feb2025 11:08:47.749] [main/DEBUG] [net.minecraftforge.fml.loading.moddiscovery.AbstractJarFileDependencyLocator/]: Failed to load resource META-INF\jarjar\metadata.json from Registrate-MC1.20-1.3.3_mapped_parchment_2023.09.03-1.20.1.jar, it does not contain dependency information.
[27Feb2025 11:08:47.749] [main/DEBUG] [net.minecraftforge.fml.loading.moddiscovery.AbstractJarFileDependencyLocator/]: Failed to load resource META-INF\jarjar\metadata.json from pipez-443900-4916633#Pipez_mapped_parchment_2023.09.03-1.20.1.jar, it does not contain dependency information.
[27Feb2025 11:08:47.749] [main/DEBUG] [net.minecraftforge.fml.loading.moddiscovery.AbstractJarFileDependencyLocator/]: Failed to load resource META-INF\jarjar\metadata.json from curios-forge-5.11.1+1.20.1_mapped_parchment_2023.09.03-1.20.1.jar, it does not contain dependency information.
[27Feb2025 11:08:47.751] [main/DEBUG] [net.minecraftforge.fml.loading.moddiscovery.AbstractJarFileDependencyLocator/]: Failed to load resource META-INF\jarjar\metadata.json from flywheel-forge-1.20.1-0.6.11-13_mapped_parchment_2023.09.03-1.20.1.jar, it does not contain dependency information.
[27Feb2025 11:08:47.751] [main/DEBUG] [net.minecraftforge.fml.loading.moddiscovery.AbstractJarFileDependencyLocator/]: Failed to load resource META-INF\jarjar\metadata.json from create-1.20.1-0.5.1.j-55_mapped_parchment_2023.09.03-1.20.1-slim.jar, it does not contain dependency information.
[27Feb2025 11:08:47.751] [main/DEBUG] [net.minecraftforge.fml.loading.moddiscovery.AbstractJarFileDependencyLocator/]: Failed to load resource META-INF\jarjar\metadata.json from create-stuff-additions-466792-6168370_mapped_parchment_2023.09.03-1.20.1.jar, it does not contain dependency information.
[27Feb2025 11:08:47.751] [main/DEBUG] [net.minecraftforge.fml.loading.moddiscovery.AbstractJarFileDependencyLocator/]: Failed to load resource META-INF\jarjar\metadata.json from create-balanced-flight-538560-5418203_mapped_parchment_2023.09.03-1.20.1.jar, it does not contain dependency information.
[27Feb2025 11:08:47.752] [main/DEBUG] [net.minecraftforge.fml.loading.moddiscovery.AbstractJarFileDependencyLocator/]: Failed to load resource META-INF\jarjar\metadata.json from nether_remastered-2.2-forge-1.20.1_mapped_parchment_2023.09.03-1.20.1.jar, it does not contain dependency information.
[27Feb2025 11:08:47.752] [main/DEBUG] [net.minecraftforge.fml.loading.moddiscovery.AbstractJarFileDependencyLocator/]: Failed to load resource META-INF\jarjar\metadata.json from architectury-forge-9.2.14_mapped_parchment_2023.09.03-1.20.1.jar, it does not contain dependency information.
[27Feb2025 11:08:47.752] [main/DEBUG] [net.minecraftforge.fml.loading.moddiscovery.AbstractJarFileDependencyLocator/]: Failed to load resource META-INF\jarjar\metadata.json from molten_vents-1.20.1-2.0.9_mapped_parchment_2023.09.03-1.20.1.jar, it does not contain dependency information.
[27Feb2025 11:08:47.752] [main/DEBUG] [net.minecraftforge.fml.loading.moddiscovery.AbstractJarFileDependencyLocator/]: Failed to load resource META-INF\jarjar\metadata.json from advancedae-1084104-6117821_mapped_parchment_2023.09.03-1.20.1.jar, it does not contain dependency information.
[27Feb2025 11:08:47.752] [main/DEBUG] [net.minecraftforge.fml.loading.moddiscovery.AbstractJarFileDependencyLocator/]: Failed to load resource META-INF\jarjar\metadata.json from ftb-teams-forge-404468-6130786_mapped_parchment_2023.09.03-1.20.1.jar, it does not contain dependency information.
[27Feb2025 11:08:47.752] [main/DEBUG] [net.minecraftforge.fml.loading.moddiscovery.AbstractJarFileDependencyLocator/]: Failed to load resource META-INF\jarjar\metadata.json from , it does not contain dependency information.
[27Feb2025 11:08:47.753] [main/DEBUG] [net.minecraftforge.fml.loading.moddiscovery.AbstractJarFileDependencyLocator/]: Failed to load resource META-INF\jarjar\metadata.json from create-teleporters-829272-5512163_mapped_parchment_2023.09.03-1.20.1.jar, it does not contain dependency information.
[27Feb2025 11:08:47.754] [main/DEBUG] [net.minecraftforge.fml.loading.moddiscovery.AbstractJarFileDependencyLocator/]: Failed to load resource META-INF\jarjar\metadata.json from createaddition-439890-6084982_mapped_parchment_2023.09.03-1.20.1.jar, it does not contain dependency information.
[27Feb2025 11:08:47.755] [main/DEBUG] [net.minecraftforge.fml.loading.moddiscovery.AbstractJarFileDependencyLocator/]: Failed to load resource META-INF\jarjar\metadata.json from main, it does not contain dependency information.
[27Feb2025 11:08:47.755] [main/DEBUG] [net.minecraftforge.fml.loading.moddiscovery.AbstractJarFileDependencyLocator/]: Failed to load resource META-INF\jarjar\metadata.json from mclanguage-1.20.1-47.3.22.jar, it does not contain dependency information.
[27Feb2025 11:08:47.755] [main/DEBUG] [net.minecraftforge.fml.loading.moddiscovery.AbstractJarFileDependencyLocator/]: Failed to load resource META-INF\jarjar\metadata.json from javafmllanguage-1.20.1-47.3.22.jar, it does not contain dependency information.
[27Feb2025 11:08:47.756] [main/DEBUG] [net.minecraftforge.fml.loading.moddiscovery.AbstractJarFileDependencyLocator/]: Failed to load resource META-INF\jarjar\metadata.json from fmlcore-1.20.1-47.3.22.jar, it does not contain dependency information.
[27Feb2025 11:08:47.756] [main/DEBUG] [net.minecraftforge.fml.loading.moddiscovery.AbstractJarFileDependencyLocator/]: Failed to load resource META-INF\jarjar\metadata.json from lowcodelanguage-1.20.1-47.3.22.jar, it does not contain dependency information.
[27Feb2025 11:08:47.816] [main/DEBUG] [net.minecraftforge.fml.loading.moddiscovery.ModFileParser/LOADING]: Considering mod file candidate 
[27Feb2025 11:08:47.816] [main/DEBUG] [net.minecraftforge.fml.loading.moddiscovery.ModFileInfo/LOADING]: Found valid mod file mixinextras-forge-0.2.0-rc.2.jar with {mixinextras} mods - versions {0.2.0-rc.2}
[27Feb2025 11:08:47.819] [main/DEBUG] [net.minecraftforge.fml.loading.moddiscovery.ModFileParser/LOADING]: Considering mod file candidate 
[27Feb2025 11:08:47.819] [main/DEBUG] [net.minecraftforge.fml.loading.moddiscovery.ModFileInfo/LOADING]: Found valid mod file mixinextras-forge-0.3.6.jar with {mixinextras} mods - versions {0.3.6}
[27Feb2025 11:08:47.820] [main/DEBUG] [net.minecraftforge.fml.loading.moddiscovery.AbstractJarFileDependencyLocator/]: Failed to load resource META-INF\jarjar\metadata.json from mclib-20.jar, it does not contain dependency information.
[27Feb2025 11:08:47.838] [main/DEBUG] [net.minecraftforge.fml.loading.moddiscovery.AbstractJarFileDependencyLocator/]: Failed to load resource META-INF\jarjar\metadata.json from MixinExtras-0.2.0-rc.2.jar, it does not contain dependency information.
[27Feb2025 11:08:47.838] [main/DEBUG] [net.minecraftforge.fml.loading.moddiscovery.AbstractJarFileDependencyLocator/]: Failed to load resource META-INF\jarjar\metadata.json from MixinExtras-0.3.6.jar, it does not contain dependency information.
[27Feb2025 11:08:47.864] [main/DEBUG] [net.minecraftforge.fml.loading.moddiscovery.ModFileParser/LOADING]: Considering mod file candidate 
[27Feb2025 11:08:47.865] [main/DEBUG] [net.minecraftforge.fml.loading.moddiscovery.ModFileInfo/LOADING]: Found valid mod file mixinextras-forge-0.3.6.jar with {mixinextras} mods - versions {0.3.6}
[27Feb2025 11:08:47.874] [main/INFO] [net.minecraftforge.fml.loading.moddiscovery.JarInJarDependencyLocator/]: Found 3 dependencies adding them to mods collection
[27Feb2025 11:08:47.878] [main/DEBUG] [net.minecraftforge.fml.loading.moddiscovery.ModFileInfo/LOADING]: Found valid mod file forge-1.20.1-47.3.22_mapped_parchment_2023.09.03-1.20.1.jar with {minecraft} mods - versions {1.20.1}
[27Feb2025 11:08:47.882] [main/DEBUG] [net.minecraftforge.fml.loading.moddiscovery.ModFile/LOADING]: Loading mod file C:\Users\gamma\IdeaProjects\ForgeFrontier\build\fg_cache\net\minecraftforge\forge\1.20.1-47.3.22_mapped_parchment_2023.09.03-1.20.1\forge-1.20.1-47.3.22_mapped_parchment_2023.09.03-1.20.1.jar with languages [LanguageSpec[languageName=minecraft, acceptedVersions=1]]
[27Feb2025 11:08:47.884] [main/DEBUG] [net.minecraftforge.fml.loading.moddiscovery.ModFileParser/LOADING]: Considering mod file candidate C:\Users\gamma\.gradle\caches\forge_gradle\deobf_dependencies\dev\latvian\mods\rhino-forge\2001.2.3-build.6_mapped_parchment_2023.09.03-1.20.1\rhino-forge-2001.2.3-build.6_mapped_parchment_2023.09.03-1.20.1.jar
[27Feb2025 11:08:47.884] [main/DEBUG] [net.minecraftforge.fml.loading.moddiscovery.ModFileInfo/LOADING]: Found valid mod file rhino-forge-2001.2.3-build.6_mapped_parchment_2023.09.03-1.20.1.jar with {rhino} mods - versions {2001.2.3-build.6}
[27Feb2025 11:08:47.884] [main/DEBUG] [net.minecraftforge.fml.loading.moddiscovery.ModFile/LOADING]: Loading mod file C:\Users\gamma\.gradle\caches\forge_gradle\deobf_dependencies\dev\latvian\mods\rhino-forge\2001.2.3-build.6_mapped_parchment_2023.09.03-1.20.1\rhino-forge-2001.2.3-build.6_mapped_parchment_2023.09.03-1.20.1.jar with languages [LanguageSpec[languageName=javafml, acceptedVersions=[38,)]]
[27Feb2025 11:08:47.885] [main/DEBUG] [net.minecraftforge.fml.loading.moddiscovery.ModFileParser/LOADING]: Considering mod file candidate C:\Users\gamma\.gradle\caches\forge_gradle\deobf_dependencies\dev\latvian\mods\kubejs-forge\2001.6.5-build.17_mapped_parchment_2023.09.03-1.20.1\kubejs-forge-2001.6.5-build.17_mapped_parchment_2023.09.03-1.20.1.jar
[27Feb2025 11:08:47.885] [main/DEBUG] [net.minecraftforge.fml.loading.moddiscovery.ModFileInfo/LOADING]: Found valid mod file kubejs-forge-2001.6.5-build.17_mapped_parchment_2023.09.03-1.20.1.jar with {kubejs} mods - versions {2001.6.5-build.17}
[27Feb2025 11:08:47.885] [main/DEBUG] [net.minecraftforge.fml.loading.moddiscovery.ModFile/LOADING]: Loading mod file C:\Users\gamma\.gradle\caches\forge_gradle\deobf_dependencies\dev\latvian\mods\kubejs-forge\2001.6.5-build.17_mapped_parchment_2023.09.03-1.20.1\kubejs-forge-2001.6.5-build.17_mapped_parchment_2023.09.03-1.20.1.jar with languages [LanguageSpec[languageName=javafml, acceptedVersions=[47,)]]
[27Feb2025 11:08:47.885] [main/DEBUG] [net.minecraftforge.fml.loading.moddiscovery.ModFileParser/LOADING]: Considering mod file candidate C:\Users\gamma\.gradle\caches\forge_gradle\deobf_dependencies\locallibs\moonlight\1.20-2.13.53-forge_mapped_parchment_2023.09.03-1.20.1\moonlight-1.20-2.13.53-forge_mapped_parchment_2023.09.03-1.20.1.jar
[27Feb2025 11:08:47.885] [main/DEBUG] [net.minecraftforge.fml.loading.moddiscovery.ModFileInfo/LOADING]: Found valid mod file moonlight-1.20-2.13.53-forge_mapped_parchment_2023.09.03-1.20.1.jar with {moonlight} mods - versions {1.20-2.13.53}
[27Feb2025 11:08:47.885] [main/DEBUG] [net.minecraftforge.fml.loading.moddiscovery.ModFile/LOADING]: Loading mod file C:\Users\gamma\.gradle\caches\forge_gradle\deobf_dependencies\locallibs\moonlight\1.20-2.13.53-forge_mapped_parchment_2023.09.03-1.20.1\moonlight-1.20-2.13.53-forge_mapped_parchment_2023.09.03-1.20.1.jar with languages [LanguageSpec[languageName=javafml, acceptedVersions=[40,)]]
[27Feb2025 11:08:47.885] [main/DEBUG] [net.minecraftforge.fml.loading.moddiscovery.ModFileParser/LOADING]: Considering mod file candidate C:\Users\gamma\.gradle\caches\forge_gradle\deobf_dependencies\curse\maven\ftb-essentials-410811\4896152_mapped_parchment_2023.09.03-1.20.1\ftb-essentials-410811-4896152_mapped_parchment_2023.09.03-1.20.1.jar
[27Feb2025 11:08:47.887] [main/DEBUG] [net.minecraftforge.fml.loading.moddiscovery.ModFileInfo/LOADING]: Found valid mod file ftb-essentials-410811-4896152_mapped_parchment_2023.09.03-1.20.1.jar with {ftbessentials} mods - versions {2001.2.2}
[27Feb2025 11:08:47.887] [main/DEBUG] [net.minecraftforge.fml.loading.moddiscovery.ModFile/LOADING]: Loading mod file C:\Users\gamma\.gradle\caches\forge_gradle\deobf_dependencies\curse\maven\ftb-essentials-410811\4896152_mapped_parchment_2023.09.03-1.20.1\ftb-essentials-410811-4896152_mapped_parchment_2023.09.03-1.20.1.jar with languages [LanguageSpec[languageName=javafml, acceptedVersions=[47,)]]
[27Feb2025 11:08:47.887] [main/DEBUG] [net.minecraftforge.fml.loading.moddiscovery.ModFileParser/LOADING]: Considering mod file candidate C:\Users\gamma\.gradle\caches\forge_gradle\deobf_dependencies\curse\maven\ftb-quests-forge-289412\6167056_mapped_parchment_2023.09.03-1.20.1\ftb-quests-forge-289412-6167056_mapped_parchment_2023.09.03-1.20.1.jar
[27Feb2025 11:08:47.887] [main/DEBUG] [net.minecraftforge.fml.loading.moddiscovery.ModFileInfo/LOADING]: Found valid mod file ftb-quests-forge-289412-6167056_mapped_parchment_2023.09.03-1.20.1.jar with {ftbquests} mods - versions {2001.4.11}
[27Feb2025 11:08:47.888] [main/DEBUG] [net.minecraftforge.fml.loading.moddiscovery.ModFile/LOADING]: Loading mod file C:\Users\gamma\.gradle\caches\forge_gradle\deobf_dependencies\curse\maven\ftb-quests-forge-289412\6167056_mapped_parchment_2023.09.03-1.20.1\ftb-quests-forge-289412-6167056_mapped_parchment_2023.09.03-1.20.1.jar with languages [LanguageSpec[languageName=javafml, acceptedVersions=[39,)]]
[27Feb2025 11:08:47.888] [main/DEBUG] [net.minecraftforge.fml.loading.moddiscovery.ModFileParser/LOADING]: Considering mod file candidate C:\Users\gamma\.gradle\caches\forge_gradle\deobf_dependencies\curse\maven\ftb-library-forge-404465\6164053_mapped_parchment_2023.09.03-1.20.1\ftb-library-forge-404465-6164053_mapped_parchment_2023.09.03-1.20.1.jar
[27Feb2025 11:08:47.888] [main/DEBUG] [net.minecraftforge.fml.loading.moddiscovery.ModFileInfo/LOADING]: Found valid mod file ftb-library-forge-404465-6164053_mapped_parchment_2023.09.03-1.20.1.jar with {ftblibrary} mods - versions {2001.2.9}
[27Feb2025 11:08:47.888] [main/DEBUG] [net.minecraftforge.fml.loading.moddiscovery.ModFile/LOADING]: Loading mod file C:\Users\gamma\.gradle\caches\forge_gradle\deobf_dependencies\curse\maven\ftb-library-forge-404465\6164053_mapped_parchment_2023.09.03-1.20.1\ftb-library-forge-404465-6164053_mapped_parchment_2023.09.03-1.20.1.jar with languages [LanguageSpec[languageName=javafml, acceptedVersions=[47,)]]
[27Feb2025 11:08:47.888] [main/DEBUG] [net.minecraftforge.fml.loading.moddiscovery.ModFileParser/LOADING]: Considering mod file candidate C:\Users\gamma\.gradle\caches\forge_gradle\deobf_dependencies\locallibs\Create-Dreams-n-Desires-1.20.1\0.2c.PREBETA_mapped_parchment_2023.09.03-1.20.1\Create-Dreams-n-Desires-1.20.1-0.2c.PREBETA_mapped_parchment_2023.09.03-1.20.1.jar
[27Feb2025 11:08:47.890] [main/DEBUG] [net.minecraftforge.fml.loading.moddiscovery.ModFileInfo/LOADING]: Found valid mod file Create-Dreams-n-Desires-1.20.1-0.2c.PREBETA_mapped_parchment_2023.09.03-1.20.1.jar with {create_dd} mods - versions {0.2c.PREBETA}
[27Feb2025 11:08:47.890] [main/DEBUG] [net.minecraftforge.fml.loading.moddiscovery.ModFile/LOADING]: Loading mod file C:\Users\gamma\.gradle\caches\forge_gradle\deobf_dependencies\locallibs\Create-Dreams-n-Desires-1.20.1\0.2c.PREBETA_mapped_parchment_2023.09.03-1.20.1\Create-Dreams-n-Desires-1.20.1-0.2c.PREBETA_mapped_parchment_2023.09.03-1.20.1.jar with languages [LanguageSpec[languageName=javafml, acceptedVersions=[47,)]]
[27Feb2025 11:08:47.890] [main/DEBUG] [net.minecraftforge.fml.loading.moddiscovery.ModFileParser/LOADING]: Considering mod file candidate C:\Users\gamma\.gradle\caches\forge_gradle\deobf_dependencies\software\bernie\geckolib\geckolib-forge-1.20.1\4.7_mapped_parchment_2023.09.03-1.20.1\geckolib-forge-1.20.1-4.7_mapped_parchment_2023.09.03-1.20.1.jar
[27Feb2025 11:08:47.892] [main/DEBUG] [net.minecraftforge.fml.loading.moddiscovery.ModFileInfo/LOADING]: Found valid mod file geckolib-forge-1.20.1-4.7_mapped_parchment_2023.09.03-1.20.1.jar with {geckolib} mods - versions {4.7}
[27Feb2025 11:08:47.892] [main/DEBUG] [net.minecraftforge.fml.loading.moddiscovery.ModFile/LOADING]: Loading mod file C:\Users\gamma\.gradle\caches\forge_gradle\deobf_dependencies\software\bernie\geckolib\geckolib-forge-1.20.1\4.7_mapped_parchment_2023.09.03-1.20.1\geckolib-forge-1.20.1-4.7_mapped_parchment_2023.09.03-1.20.1.jar with languages [LanguageSpec[languageName=javafml, acceptedVersions=[47,)]]
[27Feb2025 11:08:47.892] [main/DEBUG] [net.minecraftforge.fml.loading.moddiscovery.ModFileParser/LOADING]: Considering mod file candidate C:\Users\gamma\.gradle\caches\forge_gradle\deobf_dependencies\mezz\jei\jei-1.20.1-forge\15.20.0.106_mapped_parchment_2023.09.03-1.20.1\jei-1.20.1-forge-15.20.0.106_mapped_parchment_2023.09.03-1.20.1.jar
[27Feb2025 11:08:47.893] [main/DEBUG] [net.minecraftforge.fml.loading.moddiscovery.ModFileInfo/LOADING]: Found valid mod file jei-1.20.1-forge-15.20.0.106_mapped_parchment_2023.09.03-1.20.1.jar with {jei} mods - versions {15.20.0.106}
[27Feb2025 11:08:47.894] [main/DEBUG] [net.minecraftforge.fml.loading.moddiscovery.ModFile/LOADING]: Loading mod file C:\Users\gamma\.gradle\caches\forge_gradle\deobf_dependencies\mezz\jei\jei-1.20.1-forge\15.20.0.106_mapped_parchment_2023.09.03-1.20.1\jei-1.20.1-forge-15.20.0.106_mapped_parchment_2023.09.03-1.20.1.jar with languages [LanguageSpec[languageName=javafml, acceptedVersions=[47,)]]
[27Feb2025 11:08:47.894] [main/DEBUG] [net.minecraftforge.fml.loading.moddiscovery.ModFileParser/LOADING]: Considering mod file candidate C:\Users\gamma\.gradle\caches\forge_gradle\deobf_dependencies\appeng\appliedenergistics2-forge\15.3.3_mapped_parchment_2023.09.03-1.20.1\appliedenergistics2-forge-15.3.3_mapped_parchment_2023.09.03-1.20.1.jar
[27Feb2025 11:08:47.894] [main/DEBUG] [net.minecraftforge.fml.loading.moddiscovery.ModFileInfo/LOADING]: Found valid mod file appliedenergistics2-forge-15.3.3_mapped_parchment_2023.09.03-1.20.1.jar with {ae2} mods - versions {15.3.3}
[27Feb2025 11:08:47.895] [main/DEBUG] [net.minecraftforge.fml.loading.moddiscovery.ModFile/LOADING]: Loading mod file C:\Users\gamma\.gradle\caches\forge_gradle\deobf_dependencies\appeng\appliedenergistics2-forge\15.3.3_mapped_parchment_2023.09.03-1.20.1\appliedenergistics2-forge-15.3.3_mapped_parchment_2023.09.03-1.20.1.jar with languages [LanguageSpec[languageName=javafml, acceptedVersions=[44,)]]
[27Feb2025 11:08:47.895] [main/DEBUG] [net.minecraftforge.fml.loading.moddiscovery.ModFileParser/LOADING]: Considering mod file candidate C:\Users\gamma\.gradle\caches\forge_gradle\deobf_dependencies\curse\maven\pipez-443900\4916633#Pipez_mapped_parchment_2023.09.03-1.20.1\pipez-443900-4916633#Pipez_mapped_parchment_2023.09.03-1.20.1.jar
[27Feb2025 11:08:47.895] [main/DEBUG] [net.minecraftforge.fml.loading.moddiscovery.ModFileInfo/LOADING]: Found valid mod file pipez-443900-4916633#Pipez_mapped_parchment_2023.09.03-1.20.1.jar with {pipez} mods - versions {1.20.1-1.2.5}
[27Feb2025 11:08:47.895] [main/DEBUG] [net.minecraftforge.fml.loading.moddiscovery.ModFile/LOADING]: Loading mod file C:\Users\gamma\.gradle\caches\forge_gradle\deobf_dependencies\curse\maven\pipez-443900\4916633#Pipez_mapped_parchment_2023.09.03-1.20.1\pipez-443900-4916633#Pipez_mapped_parchment_2023.09.03-1.20.1.jar with languages [LanguageSpec[languageName=javafml, acceptedVersions=[47,)]]
[27Feb2025 11:08:47.895] [main/DEBUG] [net.minecraftforge.fml.loading.moddiscovery.ModFileParser/LOADING]: Considering mod file candidate C:\Users\gamma\.gradle\caches\forge_gradle\deobf_dependencies\com\jozufozu\flywheel\flywheel-forge-1.20.1\0.6.11-13_mapped_parchment_2023.09.03-1.20.1\flywheel-forge-1.20.1-0.6.11-13_mapped_parchment_2023.09.03-1.20.1.jar
[27Feb2025 11:08:47.896] [main/DEBUG] [net.minecraftforge.fml.loading.moddiscovery.ModFileInfo/LOADING]: Found valid mod file flywheel-forge-1.20.1-0.6.11-13_mapped_parchment_2023.09.03-1.20.1.jar with {flywheel} mods - versions {0.6.11-13}
[27Feb2025 11:08:47.896] [main/DEBUG] [net.minecraftforge.fml.loading.moddiscovery.ModFile/LOADING]: Loading mod file C:\Users\gamma\.gradle\caches\forge_gradle\deobf_dependencies\com\jozufozu\flywheel\flywheel-forge-1.20.1\0.6.11-13_mapped_parchment_2023.09.03-1.20.1\flywheel-forge-1.20.1-0.6.11-13_mapped_parchment_2023.09.03-1.20.1.jar with languages [LanguageSpec[languageName=javafml, acceptedVersions=[47,)]]
[27Feb2025 11:08:47.897] [main/DEBUG] [net.minecraftforge.fml.loading.moddiscovery.ModFileParser/LOADING]: Considering mod file candidate C:\Users\gamma\.gradle\caches\forge_gradle\deobf_dependencies\top\theillusivec4\curios\curios-forge\5.11.1+1.20.1_mapped_parchment_2023.09.03-1.20.1\curios-forge-5.11.1+1.20.1_mapped_parchment_2023.09.03-1.20.1.jar
[27Feb2025 11:08:47.897] [main/DEBUG] [net.minecraftforge.fml.loading.moddiscovery.ModFileInfo/LOADING]: Found valid mod file curios-forge-5.11.1+1.20.1_mapped_parchment_2023.09.03-1.20.1.jar with {curios} mods - versions {5.11.1+1.20.1}
[27Feb2025 11:08:47.897] [main/DEBUG] [net.minecraftforge.fml.loading.moddiscovery.ModFile/LOADING]: Loading mod file C:\Users\gamma\.gradle\caches\forge_gradle\deobf_dependencies\top\theillusivec4\curios\curios-forge\5.11.1+1.20.1_mapped_parchment_2023.09.03-1.20.1\curios-forge-5.11.1+1.20.1_mapped_parchment_2023.09.03-1.20.1.jar with languages [LanguageSpec[languageName=javafml, acceptedVersions=[41,)]]
[27Feb2025 11:08:47.897] [main/DEBUG] [net.minecraftforge.fml.loading.moddiscovery.ModFileParser/LOADING]: Considering mod file candidate C:\Users\gamma\.gradle\caches\forge_gradle\deobf_dependencies\com\simibubi\create\create-1.20.1\0.5.1.j-55_mapped_parchment_2023.09.03-1.20.1\create-1.20.1-0.5.1.j-55_mapped_parchment_2023.09.03-1.20.1-slim.jar
[27Feb2025 11:08:47.899] [main/DEBUG] [net.minecraftforge.fml.loading.moddiscovery.ModFileInfo/LOADING]: Found valid mod file create-1.20.1-0.5.1.j-55_mapped_parchment_2023.09.03-1.20.1-slim.jar with {create} mods - versions {0.5.1.j-55}
[27Feb2025 11:08:47.899] [main/DEBUG] [net.minecraftforge.fml.loading.moddiscovery.ModFile/LOADING]: Loading mod file C:\Users\gamma\.gradle\caches\forge_gradle\deobf_dependencies\com\simibubi\create\create-1.20.1\0.5.1.j-55_mapped_parchment_2023.09.03-1.20.1\create-1.20.1-0.5.1.j-55_mapped_parchment_2023.09.03-1.20.1-slim.jar with languages [LanguageSpec[languageName=javafml, acceptedVersions=[47,)]]
[27Feb2025 11:08:47.899] [main/DEBUG] [net.minecraftforge.fml.loading.moddiscovery.ModFileParser/LOADING]: Considering mod file candidate C:\Users\gamma\.gradle\caches\forge_gradle\deobf_dependencies\curse\maven\create-balanced-flight-538560\5418203_mapped_parchment_2023.09.03-1.20.1\create-balanced-flight-538560-5418203_mapped_parchment_2023.09.03-1.20.1.jar
[27Feb2025 11:08:47.899] [main/DEBUG] [net.minecraftforge.fml.loading.moddiscovery.ModFileInfo/LOADING]: Found valid mod file create-balanced-flight-538560-5418203_mapped_parchment_2023.09.03-1.20.1.jar with {balancedflight} mods - versions {1.20.1_v2.3.0}
[27Feb2025 11:08:47.901] [main/DEBUG] [net.minecraftforge.fml.loading.moddiscovery.ModFile/LOADING]: Loading mod file C:\Users\gamma\.gradle\caches\forge_gradle\deobf_dependencies\curse\maven\create-balanced-flight-538560\5418203_mapped_parchment_2023.09.03-1.20.1\create-balanced-flight-538560-5418203_mapped_parchment_2023.09.03-1.20.1.jar with languages [LanguageSpec[languageName=javafml, acceptedVersions=[32,)]]
[27Feb2025 11:08:47.901] [main/DEBUG] [net.minecraftforge.fml.loading.moddiscovery.ModFileParser/LOADING]: Considering mod file candidate C:\Users\gamma\.gradle\caches\forge_gradle\deobf_dependencies\curse\maven\create-stuff-additions-466792\6168370_mapped_parchment_2023.09.03-1.20.1\create-stuff-additions-466792-6168370_mapped_parchment_2023.09.03-1.20.1.jar
[27Feb2025 11:08:47.901] [main/DEBUG] [net.minecraftforge.fml.loading.moddiscovery.ModFileInfo/LOADING]: Found valid mod file create-stuff-additions-466792-6168370_mapped_parchment_2023.09.03-1.20.1.jar with {create_sa} mods - versions {2.0.8}
[27Feb2025 11:08:47.901] [main/DEBUG] [net.minecraftforge.fml.loading.moddiscovery.ModFile/LOADING]: Loading mod file C:\Users\gamma\.gradle\caches\forge_gradle\deobf_dependencies\curse\maven\create-stuff-additions-466792\6168370_mapped_parchment_2023.09.03-1.20.1\create-stuff-additions-466792-6168370_mapped_parchment_2023.09.03-1.20.1.jar with languages [LanguageSpec[languageName=javafml, acceptedVersions=[47,)]]
[27Feb2025 11:08:47.902] [main/DEBUG] [net.minecraftforge.fml.loading.moddiscovery.ModFileParser/LOADING]: Considering mod file candidate C:\Users\gamma\.gradle\caches\forge_gradle\deobf_dependencies\locallibs\nether_remastered\2.2-forge-1.20.1_mapped_parchment_2023.09.03-1.20.1\nether_remastered-2.2-forge-1.20.1_mapped_parchment_2023.09.03-1.20.1.jar
[27Feb2025 11:08:47.902] [main/DEBUG] [net.minecraftforge.fml.loading.moddiscovery.ModFileInfo/LOADING]: Found valid mod file nether_remastered-2.2-forge-1.20.1_mapped_parchment_2023.09.03-1.20.1.jar with {nether_remastered} mods - versions {2.2}
[27Feb2025 11:08:47.902] [main/DEBUG] [net.minecraftforge.fml.loading.moddiscovery.ModFile/LOADING]: Loading mod file C:\Users\gamma\.gradle\caches\forge_gradle\deobf_dependencies\locallibs\nether_remastered\2.2-forge-1.20.1_mapped_parchment_2023.09.03-1.20.1\nether_remastered-2.2-forge-1.20.1_mapped_parchment_2023.09.03-1.20.1.jar with languages [LanguageSpec[languageName=javafml, acceptedVersions=[47,)]]
[27Feb2025 11:08:47.902] [main/DEBUG] [net.minecraftforge.fml.loading.moddiscovery.ModFileParser/LOADING]: Considering mod file candidate C:\Users\gamma\.gradle\caches\forge_gradle\deobf_dependencies\locallibs\molten_vents-1.20.1\2.0.9_mapped_parchment_2023.09.03-1.20.1\molten_vents-1.20.1-2.0.9_mapped_parchment_2023.09.03-1.20.1.jar
[27Feb2025 11:08:47.904] [main/DEBUG] [net.minecraftforge.fml.loading.moddiscovery.ModFileInfo/LOADING]: Found valid mod file molten_vents-1.20.1-2.0.9_mapped_parchment_2023.09.03-1.20.1.jar with {molten_vents} mods - versions {2.0.9}
[27Feb2025 11:08:47.904] [main/DEBUG] [net.minecraftforge.fml.loading.moddiscovery.ModFile/LOADING]: Loading mod file C:\Users\gamma\.gradle\caches\forge_gradle\deobf_dependencies\locallibs\molten_vents-1.20.1\2.0.9_mapped_parchment_2023.09.03-1.20.1\molten_vents-1.20.1-2.0.9_mapped_parchment_2023.09.03-1.20.1.jar with languages [LanguageSpec[languageName=javafml, acceptedVersions=[40,)]]
[27Feb2025 11:08:47.904] [main/DEBUG] [net.minecraftforge.fml.loading.moddiscovery.ModFileParser/LOADING]: Considering mod file candidate C:\Users\gamma\.gradle\caches\forge_gradle\deobf_dependencies\dev\architectury\architectury-forge\9.2.14_mapped_parchment_2023.09.03-1.20.1\architectury-forge-9.2.14_mapped_parchment_2023.09.03-1.20.1.jar
[27Feb2025 11:08:47.904] [main/DEBUG] [net.minecraftforge.fml.loading.moddiscovery.ModFileInfo/LOADING]: Found valid mod file architectury-forge-9.2.14_mapped_parchment_2023.09.03-1.20.1.jar with {architectury} mods - versions {9.2.14}
[27Feb2025 11:08:47.905] [main/DEBUG] [net.minecraftforge.fml.loading.moddiscovery.ModFile/LOADING]: Loading mod file C:\Users\gamma\.gradle\caches\forge_gradle\deobf_dependencies\dev\architectury\architectury-forge\9.2.14_mapped_parchment_2023.09.03-1.20.1\architectury-forge-9.2.14_mapped_parchment_2023.09.03-1.20.1.jar with languages [LanguageSpec[languageName=javafml, acceptedVersions=[46,)]]
[27Feb2025 11:08:47.905] [main/DEBUG] [net.minecraftforge.fml.loading.moddiscovery.ModFileParser/LOADING]: Considering mod file candidate C:\Users\gamma\.gradle\caches\forge_gradle\deobf_dependencies\curse\maven\advancedae-1084104\6117821_mapped_parchment_2023.09.03-1.20.1\advancedae-1084104-6117821_mapped_parchment_2023.09.03-1.20.1.jar
[27Feb2025 11:08:47.905] [main/DEBUG] [net.minecraftforge.fml.loading.moddiscovery.ModFileInfo/LOADING]: Found valid mod file advancedae-1084104-6117821_mapped_parchment_2023.09.03-1.20.1.jar with {advanced_ae} mods - versions {1.1.1-1.20.1}
[27Feb2025 11:08:47.905] [main/DEBUG] [net.minecraftforge.fml.loading.moddiscovery.ModFile/LOADING]: Loading mod file C:\Users\gamma\.gradle\caches\forge_gradle\deobf_dependencies\curse\maven\advancedae-1084104\6117821_mapped_parchment_2023.09.03-1.20.1\advancedae-1084104-6117821_mapped_parchment_2023.09.03-1.20.1.jar with languages [LanguageSpec[languageName=javafml, acceptedVersions=[47,)]]
[27Feb2025 11:08:47.905] [main/DEBUG] [net.minecraftforge.fml.loading.moddiscovery.ModFileParser/LOADING]: Considering mod file candidate C:\Users\gamma\.gradle\caches\forge_gradle\deobf_dependencies\curse\maven\ftb-teams-forge-404468\6130786_mapped_parchment_2023.09.03-1.20.1\ftb-teams-forge-404468-6130786_mapped_parchment_2023.09.03-1.20.1.jar
[27Feb2025 11:08:47.907] [main/DEBUG] [net.minecraftforge.fml.loading.moddiscovery.ModFileInfo/LOADING]: Found valid mod file ftb-teams-forge-404468-6130786_mapped_parchment_2023.09.03-1.20.1.jar with {ftbteams} mods - versions {2001.3.1}
[27Feb2025 11:08:47.907] [main/DEBUG] [net.minecraftforge.fml.loading.moddiscovery.ModFile/LOADING]: Loading mod file C:\Users\gamma\.gradle\caches\forge_gradle\deobf_dependencies\curse\maven\ftb-teams-forge-404468\6130786_mapped_parchment_2023.09.03-1.20.1\ftb-teams-forge-404468-6130786_mapped_parchment_2023.09.03-1.20.1.jar with languages [LanguageSpec[languageName=javafml, acceptedVersions=[47,)]]
[27Feb2025 11:08:47.908] [main/DEBUG] [net.minecraftforge.fml.loading.moddiscovery.ModFileParser/LOADING]: Considering mod file candidate /
[27Feb2025 11:08:47.908] [main/DEBUG] [net.minecraftforge.fml.loading.moddiscovery.ModFileInfo/LOADING]: Found valid mod file  with {forge} mods - versions {47.3.22}
[27Feb2025 11:08:47.908] [main/DEBUG] [net.minecraftforge.fml.loading.moddiscovery.ModFile/LOADING]: Loading mod file / with languages [LanguageSpec[languageName=javafml, acceptedVersions=[24,]]]
[27Feb2025 11:08:47.911] [main/DEBUG] [net.minecraftforge.fml.loading.moddiscovery.ModFileParser/LOADING]: Found coremod field_to_method with Javascript path coremods/field_to_method.js
[27Feb2025 11:08:47.912] [main/DEBUG] [net.minecraftforge.fml.loading.moddiscovery.ModFileParser/LOADING]: Found coremod field_to_instanceof with Javascript path coremods/field_to_instanceof.js
[27Feb2025 11:08:47.912] [main/DEBUG] [net.minecraftforge.fml.loading.moddiscovery.ModFileParser/LOADING]: Found coremod add_bouncer_method with Javascript path coremods/add_bouncer_method.js
[27Feb2025 11:08:47.912] [main/DEBUG] [net.minecraftforge.fml.loading.moddiscovery.ModFileParser/LOADING]: Found coremod method_redirector with Javascript path coremods/method_redirector.js
[27Feb2025 11:08:47.912] [main/DEBUG] [net.minecraftforge.fml.loading.moddiscovery.ModFile/LOADING]: Found coremod coremods/field_to_method.js
[27Feb2025 11:08:47.912] [main/DEBUG] [net.minecraftforge.fml.loading.moddiscovery.ModFile/LOADING]: Found coremod coremods/field_to_instanceof.js
[27Feb2025 11:08:47.912] [main/DEBUG] [net.minecraftforge.fml.loading.moddiscovery.ModFile/LOADING]: Found coremod coremods/add_bouncer_method.js
[27Feb2025 11:08:47.912] [main/DEBUG] [net.minecraftforge.fml.loading.moddiscovery.ModFile/LOADING]: Found coremod coremods/method_redirector.js
[27Feb2025 11:08:47.912] [main/DEBUG] [net.minecraftforge.fml.loading.moddiscovery.ModFileParser/LOADING]: Considering mod file candidate C:\Users\gamma\.gradle\caches\forge_gradle\deobf_dependencies\curse\maven\create-teleporters-829272\5512163_mapped_parchment_2023.09.03-1.20.1\create-teleporters-829272-5512163_mapped_parchment_2023.09.03-1.20.1.jar
[27Feb2025 11:08:47.912] [main/DEBUG] [net.minecraftforge.fml.loading.moddiscovery.ModFileInfo/LOADING]: Found valid mod file create-teleporters-829272-5512163_mapped_parchment_2023.09.03-1.20.1.jar with {createteleporters} mods - versions {2.2}
[27Feb2025 11:08:47.912] [main/DEBUG] [net.minecraftforge.fml.loading.moddiscovery.ModFile/LOADING]: Loading mod file C:\Users\gamma\.gradle\caches\forge_gradle\deobf_dependencies\curse\maven\create-teleporters-829272\5512163_mapped_parchment_2023.09.03-1.20.1\create-teleporters-829272-5512163_mapped_parchment_2023.09.03-1.20.1.jar with languages [LanguageSpec[languageName=javafml, acceptedVersions=[47,)]]
[27Feb2025 11:08:47.914] [main/DEBUG] [net.minecraftforge.fml.loading.moddiscovery.ModFileParser/LOADING]: Considering mod file candidate C:\Users\gamma\.gradle\caches\forge_gradle\deobf_dependencies\curse\maven\createaddition-439890\6084982_mapped_parchment_2023.09.03-1.20.1\createaddition-439890-6084982_mapped_parchment_2023.09.03-1.20.1.jar
[27Feb2025 11:08:47.914] [main/DEBUG] [net.minecraftforge.fml.loading.moddiscovery.ModFileInfo/LOADING]: Found valid mod file createaddition-439890-6084982_mapped_parchment_2023.09.03-1.20.1.jar with {createaddition} mods - versions {1.20.1-1.2.5}
[27Feb2025 11:08:47.914] [main/DEBUG] [net.minecraftforge.fml.loading.moddiscovery.ModFile/LOADING]: Loading mod file C:\Users\gamma\.gradle\caches\forge_gradle\deobf_dependencies\curse\maven\createaddition-439890\6084982_mapped_parchment_2023.09.03-1.20.1\createaddition-439890-6084982_mapped_parchment_2023.09.03-1.20.1.jar with languages [LanguageSpec[languageName=javafml, acceptedVersions=[40,)]]
[27Feb2025 11:08:47.916] [main/DEBUG] [net.minecraftforge.fml.loading.moddiscovery.ModFileParser/LOADING]: Considering mod file candidate C:\Users\gamma\IdeaProjects\ForgeFrontier\build\resources\main
[27Feb2025 11:08:47.917] [main/DEBUG] [net.minecraftforge.fml.loading.moddiscovery.ModFileInfo/LOADING]: Found valid mod file main with {forgefrontier} mods - versions {1.6.0}
[27Feb2025 11:08:47.918] [main/DEBUG] [net.minecraftforge.fml.loading.moddiscovery.ModFile/LOADING]: Loading mod file C:\Users\gamma\IdeaProjects\ForgeFrontier\build\resources\main with languages [LanguageSpec[languageName=javafml, acceptedVersions=[47,)]]
[27Feb2025 11:08:47.918] [main/DEBUG] [net.minecraftforge.fml.loading.moddiscovery.ModFile/LOADING]: Loading mod file  with languages []
[27Feb2025 11:08:47.918] [main/DEBUG] [net.minecraftforge.fml.loading.moddiscovery.ModFile/LOADING]: Loading mod file C:\Users\gamma\.gradle\caches\forge_gradle\deobf_dependencies\com\tterrag\registrate\Registrate\MC1.20-1.3.3_mapped_parchment_2023.09.03-1.20.1\Registrate-MC1.20-1.3.3_mapped_parchment_2023.09.03-1.20.1.jar with languages []
[27Feb2025 11:08:47.918] [main/DEBUG] [net.minecraftforge.fml.loading.moddiscovery.ModFileParser/LOADING]: Considering mod file candidate 
[27Feb2025 11:08:47.920] [main/DEBUG] [net.minecraftforge.fml.loading.moddiscovery.ModFileInfo/LOADING]: Found valid mod file mixinextras-forge-0.3.6.jar with {mixinextras} mods - versions {0.3.6}
[27Feb2025 11:08:47.920] [main/DEBUG] [net.minecraftforge.fml.loading.moddiscovery.ModFile/LOADING]: Loading mod file  with languages [LanguageSpec[languageName=javafml, acceptedVersions=*]]
[27Feb2025 11:08:47.920] [main/DEBUG] [net.minecraftforge.fml.loading.moddiscovery.ModFile/LOADING]: Loading mod file  with languages []
[27Feb2025 11:08:47.920] [main/DEBUG] [net.minecraftforge.fml.loading.moddiscovery.ModFile/LOADING]: Loading mod file  with languages []
[27Feb2025 11:08:47.920] [main/DEBUG] [net.minecraftforge.fml.loading.moddiscovery.ModFile/LOADING]: Loading mod file C:\Users\gamma\.gradle\caches\forge_gradle\deobf_dependencies\com\tterrag\registrate\Registrate\MC1.20-1.3.3_mapped_parchment_2023.09.03-1.20.1\Registrate-MC1.20-1.3.3_mapped_parchment_2023.09.03-1.20.1.jar with languages []
[27Feb2025 11:08:47.920] [main/DEBUG] [net.minecraftforge.fml.loading.moddiscovery.ModFileParser/LOADING]: Considering mod file candidate 
[27Feb2025 11:08:47.921] [main/DEBUG] [net.minecraftforge.fml.loading.moddiscovery.ModFileInfo/LOADING]: Found valid mod file mixinextras-forge-0.3.6.jar with {mixinextras} mods - versions {0.3.6}
[27Feb2025 11:08:47.921] [main/DEBUG] [net.minecraftforge.fml.loading.moddiscovery.ModFile/LOADING]: Loading mod file  with languages [LanguageSpec[languageName=javafml, acceptedVersions=*]]
[27Feb2025 11:08:47.921] [main/DEBUG] [net.minecraftforge.fml.loading.moddiscovery.ModFile/LOADING]: Loading mod file  with languages []
[27Feb2025 11:08:47.923] [main/DEBUG] [cpw.mods.modlauncher.TransformationServiceDecorator/MODLAUNCHER]: End scan trigger - transformation service fml
[27Feb2025 11:08:47.942] [main/DEBUG] [net.minecraftforge.fml.loading.LanguageLoadingProvider/CORE]: Found 3 language providers
[27Feb2025 11:08:47.944] [main/DEBUG] [net.minecraftforge.fml.loading.LanguageLoadingProvider/CORE]: Found language provider minecraft, version 1.0
[27Feb2025 11:08:47.944] [main/DEBUG] [net.minecraftforge.fml.loading.LanguageLoadingProvider/CORE]: Found language provider lowcodefml, version 47
[27Feb2025 11:08:47.944] [main/DEBUG] [net.minecraftforge.fml.loading.LanguageLoadingProvider/CORE]: Found language provider javafml, version 47
[27Feb2025 11:08:47.949] [main/DEBUG] [net.minecraftforge.fml.loading.UniqueModListBuilder/]: Found 2 mods for first modid mclib, selecting most recent based on version data
[27Feb2025 11:08:47.949] [main/DEBUG] [net.minecraftforge.fml.loading.UniqueModListBuilder/]: Selected file mclib-20.jar for modid mclib with version 0.0NONE
[27Feb2025 11:08:47.949] [main/DEBUG] [net.minecraftforge.fml.loading.UniqueModListBuilder/]: Found 2 mods for first modid Registrate, selecting most recent based on version data
[27Feb2025 11:08:47.949] [main/DEBUG] [net.minecraftforge.fml.loading.UniqueModListBuilder/]: Selected file Registrate-MC1.20-1.3.3_mapped_parchment_2023.09.03-1.20.1.jar for modid Registrate with version 0.0NONE
[27Feb2025 11:08:47.949] [main/DEBUG] [net.minecraftforge.fml.loading.UniqueModListBuilder/]: Found 2 mods for first modid mixinextras, selecting most recent based on version data
[27Feb2025 11:08:47.949] [main/DEBUG] [net.minecraftforge.fml.loading.UniqueModListBuilder/]: Selected file mixinextras-forge-0.3.6.jar for modid mixinextras with version 0.3.6
[27Feb2025 11:08:47.950] [main/DEBUG] [net.minecraftforge.fml.loading.UniqueModListBuilder/]: Found 2 mods for first modid MixinExtras, selecting most recent based on version data
[27Feb2025 11:08:47.950] [main/DEBUG] [net.minecraftforge.fml.loading.UniqueModListBuilder/]: Selected file MixinExtras-0.3.6.jar for modid MixinExtras with version 0.0NONE
[27Feb2025 11:08:47.952] [main/DEBUG] [net.minecraftforge.fml.loading.ModSorter/]: Configured system mods: [minecraft, forge]
[27Feb2025 11:08:47.952] [main/DEBUG] [net.minecraftforge.fml.loading.ModSorter/]: Found system mod: minecraft
[27Feb2025 11:08:47.952] [main/DEBUG] [net.minecraftforge.fml.loading.ModSorter/]: Found system mod: forge
[27Feb2025 11:08:47.955] [main/DEBUG] [net.minecraftforge.fml.loading.ModSorter/LOADING]: Found 92 mod requirements (69 mandatory, 23 optional)
[27Feb2025 11:08:47.956] [main/DEBUG] [net.minecraftforge.fml.loading.ModSorter/LOADING]: Found 1 mod requirements missing (1 mandatory, 0 optional)
[27Feb2025 11:08:47.957] [main/ERROR] [net.minecraftforge.fml.loading.ModSorter/LOADING]: Missing or unsupported mandatory dependencies:
	Mod ID: 'glodium', Requested by: 'advanced_ae', Expected range: '[1.0,)', Actual version: '[MISSING]'
[27Feb2025 11:08:48.505] [main/DEBUG] [net.minecraftforge.fml.loading.MCPNamingService/CORE]: Loaded 34318 method mappings from methods.csv
[27Feb2025 11:08:48.544] [main/DEBUG] [net.minecraftforge.fml.loading.MCPNamingService/CORE]: Loaded 31014 field mappings from fields.csv
[27Feb2025 11:08:48.602] [main/DEBUG] [cpw.mods.modlauncher.TransformationServicesHandler/MODLAUNCHER]: Transformation services loading transformers
[27Feb2025 11:08:48.602] [main/DEBUG] [cpw.mods.modlauncher.TransformationServiceDecorator/MODLAUNCHER]: Initializing transformers for transformation service mixin
[27Feb2025 11:08:48.602] [main/DEBUG] [cpw.mods.modlauncher.TransformationServiceDecorator/MODLAUNCHER]: Initialized transformers for transformation service mixin
[27Feb2025 11:08:48.602] [main/DEBUG] [cpw.mods.modlauncher.TransformationServiceDecorator/MODLAUNCHER]: Initializing transformers for transformation service fml
[27Feb2025 11:08:48.603] [main/DEBUG] [net.minecraftforge.fml.loading.FMLServiceProvider/CORE]: Loading coremod transformers
[27Feb2025 11:08:48.603] [main/DEBUG] [net.minecraftforge.coremod.CoreModEngine/COREMOD]: Loading CoreMod from coremods/field_to_method.js
[27Feb2025 11:08:48.838] [main/DEBUG] [net.minecraftforge.coremod.CoreModEngine/COREMOD]: CoreMod loaded successfully
[27Feb2025 11:08:48.838] [main/DEBUG] [net.minecraftforge.coremod.CoreModEngine/COREMOD]: Loading CoreMod from coremods/field_to_instanceof.js
[27Feb2025 11:08:48.934] [main/DEBUG] [net.minecraftforge.coremod.CoreModEngine/COREMOD]: CoreMod loaded successfully
[27Feb2025 11:08:48.935] [main/DEBUG] [net.minecraftforge.coremod.CoreModEngine/COREMOD]: Loading CoreMod from coremods/add_bouncer_method.js
[27Feb2025 11:08:48.972] [main/DEBUG] [net.minecraftforge.coremod.CoreModEngine/COREMOD]: CoreMod loaded successfully
[27Feb2025 11:08:48.972] [main/DEBUG] [net.minecraftforge.coremod.CoreModEngine/COREMOD]: Loading CoreMod from coremods/method_redirector.js
[27Feb2025 11:08:49.047] [main/DEBUG] [net.minecraftforge.coremod.CoreModEngine/COREMOD]: CoreMod loaded successfully
[27Feb2025 11:08:49.063] [main/DEBUG] [cpw.mods.modlauncher.TransformStore/MODLAUNCHER]: Adding transformer net.minecraftforge.coremod.transformer.CoreModClassTransformer@57e388c3 to Target : CLASS {Lnet/minecraft/world/level/biome/Biome;} {} {V}
[27Feb2025 11:08:49.064] [main/DEBUG] [cpw.mods.modlauncher.TransformStore/MODLAUNCHER]: Adding transformer net.minecraftforge.coremod.transformer.CoreModClassTransformer@40113163 to Target : CLASS {Lnet/minecraft/world/level/levelgen/structure/Structure;} {} {V}
[27Feb2025 11:08:49.064] [main/DEBUG] [cpw.mods.modlauncher.TransformStore/MODLAUNCHER]: Adding transformer net.minecraftforge.coremod.transformer.CoreModClassTransformer@71a3e05c to Target : CLASS {Lnet/minecraft/world/effect/MobEffectInstance;} {} {V}
[27Feb2025 11:08:49.064] [main/DEBUG] [cpw.mods.modlauncher.TransformStore/MODLAUNCHER]: Adding transformer net.minecraftforge.coremod.transformer.CoreModClassTransformer@39c85c1a to Target : CLASS {Lnet/minecraft/world/level/block/LiquidBlock;} {} {V}
[27Feb2025 11:08:49.064] [main/DEBUG] [cpw.mods.modlauncher.TransformStore/MODLAUNCHER]: Adding transformer net.minecraftforge.coremod.transformer.CoreModClassTransformer@2b148329 to Target : CLASS {Lnet/minecraft/world/item/BucketItem;} {} {V}
[27Feb2025 11:08:49.064] [main/DEBUG] [cpw.mods.modlauncher.TransformStore/MODLAUNCHER]: Adding transformer net.minecraftforge.coremod.transformer.CoreModClassTransformer@62c72501 to Target : CLASS {Lnet/minecraft/world/level/block/StairBlock;} {} {V}
[27Feb2025 11:08:49.064] [main/DEBUG] [cpw.mods.modlauncher.TransformStore/MODLAUNCHER]: Adding transformer net.minecraftforge.coremod.transformer.CoreModClassTransformer@c889805 to Target : CLASS {Lnet/minecraft/world/level/block/FlowerPotBlock;} {} {V}
[27Feb2025 11:08:49.064] [main/DEBUG] [cpw.mods.modlauncher.TransformStore/MODLAUNCHER]: Adding transformer net.minecraftforge.coremod.transformer.CoreModClassTransformer@77db3d02 to Target : CLASS {Lnet/minecraft/world/item/ItemStack;} {} {V}
[27Feb2025 11:08:49.064] [main/DEBUG] [cpw.mods.modlauncher.TransformStore/MODLAUNCHER]: Adding transformer net.minecraftforge.coremod.transformer.CoreModClassTransformer@78d9f51b to Target : CLASS {Lnet/minecraft/network/play/client/CClientSettingsPacket;} {} {V}
[27Feb2025 11:08:49.064] [main/DEBUG] [cpw.mods.modlauncher.TransformStore/MODLAUNCHER]: Adding transformer net.minecraftforge.coremod.transformer.CoreModClassTransformer@23ed382c to Target : CLASS {Lnet/minecraft/world/entity/monster/ZombieVillager;} {} {V}
[27Feb2025 11:08:49.064] [main/DEBUG] [cpw.mods.modlauncher.TransformStore/MODLAUNCHER]: Adding transformer net.minecraftforge.coremod.transformer.CoreModClassTransformer@23ed382c to Target : CLASS {Lnet/minecraft/server/commands/SummonCommand;} {} {V}
[27Feb2025 11:08:49.064] [main/DEBUG] [cpw.mods.modlauncher.TransformStore/MODLAUNCHER]: Adding transformer net.minecraftforge.coremod.transformer.CoreModClassTransformer@23ed382c to Target : CLASS {Lnet/minecraft/world/entity/monster/Evoker$EvokerSummonSpellGoal;} {} {V}
[27Feb2025 11:08:49.064] [main/DEBUG] [cpw.mods.modlauncher.TransformStore/MODLAUNCHER]: Adding transformer net.minecraftforge.coremod.transformer.CoreModClassTransformer@23ed382c to Target : CLASS {Lnet/minecraft/world/level/NaturalSpawner;} {} {V}
[27Feb2025 11:08:49.064] [main/DEBUG] [cpw.mods.modlauncher.TransformStore/MODLAUNCHER]: Adding transformer net.minecraftforge.coremod.transformer.CoreModClassTransformer@23ed382c to Target : CLASS {Lnet/minecraft/world/entity/monster/Zombie;} {} {V}
[27Feb2025 11:08:49.064] [main/DEBUG] [cpw.mods.modlauncher.TransformStore/MODLAUNCHER]: Adding transformer net.minecraftforge.coremod.transformer.CoreModClassTransformer@23ed382c to Target : CLASS {Lnet/minecraft/world/level/levelgen/structure/structures/OceanRuinPieces$OceanRuinPiece;} {} {V}
[27Feb2025 11:08:49.064] [main/DEBUG] [cpw.mods.modlauncher.TransformStore/MODLAUNCHER]: Adding transformer net.minecraftforge.coremod.transformer.CoreModClassTransformer@23ed382c to Target : CLASS {Lnet/minecraft/world/entity/monster/Spider;} {} {V}
[27Feb2025 11:08:49.064] [main/DEBUG] [cpw.mods.modlauncher.TransformStore/MODLAUNCHER]: Adding transformer net.minecraftforge.coremod.transformer.CoreModClassTransformer@23ed382c to Target : CLASS {Lnet/minecraft/world/entity/ai/village/VillageSiege;} {} {V}
[27Feb2025 11:08:49.064] [main/DEBUG] [cpw.mods.modlauncher.TransformStore/MODLAUNCHER]: Adding transformer net.minecraftforge.coremod.transformer.CoreModClassTransformer@23ed382c to Target : CLASS {Lnet/minecraft/world/level/levelgen/PatrolSpawner;} {} {V}
[27Feb2025 11:08:49.064] [main/DEBUG] [cpw.mods.modlauncher.TransformStore/MODLAUNCHER]: Adding transformer net.minecraftforge.coremod.transformer.CoreModClassTransformer@23ed382c to Target : CLASS {Lnet/minecraft/server/commands/RaidCommand;} {} {V}
[27Feb2025 11:08:49.066] [main/DEBUG] [cpw.mods.modlauncher.TransformStore/MODLAUNCHER]: Adding transformer net.minecraftforge.coremod.transformer.CoreModClassTransformer@23ed382c to Target : CLASS {Lnet/minecraft/world/level/levelgen/PhantomSpawner;} {} {V}
[27Feb2025 11:08:49.066] [main/DEBUG] [cpw.mods.modlauncher.TransformStore/MODLAUNCHER]: Adding transformer net.minecraftforge.coremod.transformer.CoreModClassTransformer@23ed382c to Target : CLASS {Lnet/minecraft/world/entity/animal/frog/Tadpole;} {} {V}
[27Feb2025 11:08:49.066] [main/DEBUG] [cpw.mods.modlauncher.TransformStore/MODLAUNCHER]: Adding transformer net.minecraftforge.coremod.transformer.CoreModClassTransformer@23ed382c to Target : CLASS {Lnet/minecraft/world/level/levelgen/structure/structures/WoodlandMansionPieces$WoodlandMansionPiece;} {} {V}
[27Feb2025 11:08:49.066] [main/DEBUG] [cpw.mods.modlauncher.TransformStore/MODLAUNCHER]: Adding transformer net.minecraftforge.coremod.transformer.CoreModClassTransformer@23ed382c to Target : CLASS {Lnet/minecraft/world/entity/animal/horse/SkeletonTrapGoal;} {} {V}
[27Feb2025 11:08:49.066] [main/DEBUG] [cpw.mods.modlauncher.TransformStore/MODLAUNCHER]: Adding transformer net.minecraftforge.coremod.transformer.CoreModClassTransformer@23ed382c to Target : CLASS {Lnet/minecraft/world/entity/raid/Raid;} {} {V}
[27Feb2025 11:08:49.066] [main/DEBUG] [cpw.mods.modlauncher.TransformStore/MODLAUNCHER]: Adding transformer net.minecraftforge.coremod.transformer.CoreModClassTransformer@23ed382c to Target : CLASS {Lnet/minecraft/world/entity/monster/Strider;} {} {V}
[27Feb2025 11:08:49.066] [main/DEBUG] [cpw.mods.modlauncher.TransformStore/MODLAUNCHER]: Adding transformer net.minecraftforge.coremod.transformer.CoreModClassTransformer@23ed382c to Target : CLASS {Lnet/minecraft/world/entity/EntityType;} {} {V}
[27Feb2025 11:08:49.066] [main/DEBUG] [cpw.mods.modlauncher.TransformStore/MODLAUNCHER]: Adding transformer net.minecraftforge.coremod.transformer.CoreModClassTransformer@23ed382c to Target : CLASS {Lnet/minecraft/world/entity/npc/CatSpawner;} {} {V}
[27Feb2025 11:08:49.066] [main/DEBUG] [cpw.mods.modlauncher.TransformStore/MODLAUNCHER]: Adding transformer net.minecraftforge.coremod.transformer.CoreModClassTransformer@23ed382c to Target : CLASS {Lnet/minecraft/world/entity/npc/Villager;} {} {V}
[27Feb2025 11:08:49.066] [main/DEBUG] [cpw.mods.modlauncher.TransformStore/MODLAUNCHER]: Adding transformer net.minecraftforge.coremod.transformer.CoreModClassTransformer@23ed382c to Target : CLASS {Lnet/minecraft/world/level/levelgen/structure/templatesystem/StructureTemplate;} {} {V}
[27Feb2025 11:08:49.066] [main/DEBUG] [cpw.mods.modlauncher.TransformStore/MODLAUNCHER]: Adding transformer net.minecraftforge.coremod.transformer.CoreModClassTransformer@23ed382c to Target : CLASS {Lnet/minecraft/world/level/levelgen/structure/structures/OceanMonumentPieces$OceanMonumentPiece;} {} {V}
[27Feb2025 11:08:49.066] [main/DEBUG] [cpw.mods.modlauncher.TransformStore/MODLAUNCHER]: Adding transformer net.minecraftforge.coremod.transformer.CoreModClassTransformer@23ed382c to Target : CLASS {Lnet/minecraft/world/level/levelgen/structure/structures/SwampHutPiece;} {} {V}
[27Feb2025 11:08:49.066] [main/DEBUG] [cpw.mods.modlauncher.TransformationServiceDecorator/MODLAUNCHER]: Initialized transformers for transformation service fml
[27Feb2025 11:08:49.330] [main/DEBUG] [mixin/]: Processing prepare() for PlatformAgent[MixinPlatformAgentDefault:ModLauncher Root Container(ModLauncher:4f56a0a2)]
[27Feb2025 11:08:49.331] [main/DEBUG] [mixin/]: Registering mixin config: forgefrontier.mixins.json
