[27Feb2025 00:36:44.188] [main/INFO] [cpw.mods.modlauncher.Launcher/MODLAUNCHER]: ModLauncher running: args [--launchTarget, forgeclientuserdev, --version, MOD_DEV, --assetIndex, 5, --assetsDir, C:\Users\gamma\.gradle\caches\forge_gradle\assets, --gameDir, ., --fml.forgeVersion, 47.3.22, --fml.mcVersion, 1.20.1, --fml.forgeGroup, net.minecraftforge, --fml.mcpVersion, 20230612.114412, --mixin.config, forgefrontier.mixins.json]
[27Feb2025 00:36:44.193] [main/INFO] [cpw.mods.modlauncher.Launcher/MODLAUNCHER]: ModLauncher 10.0.9+10.0.9+main.dcd20f30 starting: java version 17.0.14 by JetBrains s.r.o.; OS Windows 11 arch amd64 version 10.0
[27Feb2025 00:36:44.293] [main/INFO] [net.minecraftforge.fml.loading.ImmediateWindowHandler/]: Loading ImmediateWindowProvider fmlearlywindow
[27Feb2025 00:36:44.369] [main/INFO] [EARLYDISPLAY/]: Trying GL version 4.6
[27Feb2025 00:36:44.730] [main/INFO] [EARLYDISPLAY/]: Requested GL version 4.6 got version 4.6
[27Feb2025 00:36:44.809] [main/INFO] [mixin/]: SpongePowered MIXIN Subsystem Version=0.8.5 Source=union:/C:/Users/gamma/.gradle/caches/modules-2/files-2.1/org.spongepowered/mixin/0.8.5/9d1c0c3a304ae6697ecd477218fa61b850bf57fc/mixin-0.8.5.jar%23129!/ Service=ModLauncher Env=CLIENT
[27Feb2025 00:36:44.828] [pool-2-thread-1/INFO] [EARLYDISPLAY/]: GL info: AMD Radeon 780M Graphics GL version 4.6.0 Core Profile Context 23.20.60.05.240328, ATI Technologies Inc.
[27Feb2025 00:36:45.084] [main/WARN] [net.minecraftforge.fml.loading.moddiscovery.ModFileParser/LOADING]: Mod file C:\Users\gamma\.gradle\caches\modules-2\files-2.1\net.minecraftforge\javafmllanguage\1.20.1-47.3.22\9a1d96e9108940786d846c8cc0dac07100e79f56\javafmllanguage-1.20.1-47.3.22.jar is missing mods.toml file
[27Feb2025 00:36:45.087] [main/WARN] [net.minecraftforge.fml.loading.moddiscovery.ModFileParser/LOADING]: Mod file C:\Users\gamma\.gradle\caches\modules-2\files-2.1\net.minecraftforge\lowcodelanguage\1.20.1-47.3.22\2529f2c27d8f8a63ee54efc81fdfc3cea2d43c8\lowcodelanguage-1.20.1-47.3.22.jar is missing mods.toml file
[27Feb2025 00:36:45.088] [main/WARN] [net.minecraftforge.fml.loading.moddiscovery.ModFileParser/LOADING]: Mod file C:\Users\gamma\.gradle\caches\modules-2\files-2.1\net.minecraftforge\mclanguage\1.20.1-47.3.22\2de14adfd8715f1956007499d8d75c6a4e6fa872\mclanguage-1.20.1-47.3.22.jar is missing mods.toml file
[27Feb2025 00:36:45.093] [main/WARN] [net.minecraftforge.fml.loading.moddiscovery.ModFileParser/LOADING]: Mod file C:\Users\gamma\.gradle\caches\modules-2\files-2.1\net.minecraftforge\fmlcore\1.20.1-47.3.22\cf26aeb747e0d323f8eed9b00ebfb783282d5837\fmlcore-1.20.1-47.3.22.jar is missing mods.toml file
[27Feb2025 00:36:45.435] [main/INFO] [net.minecraftforge.fml.loading.moddiscovery.JarInJarDependencyLocator/]: Found 3 dependencies adding them to mods collection
[27Feb2025 00:36:47.773] [main/INFO] [mixin/]: Compatibility level set to JAVA_17
[27Feb2025 00:36:47.842] [main/INFO] [cpw.mods.modlauncher.LaunchServiceHandler/MODLAUNCHER]: Launching target 'forgeclientuserdev' with arguments [--version, MOD_DEV, --gameDir, ., --assetsDir, C:\Users\gamma\.gradle\caches\forge_gradle\assets, --assetIndex, 5]
[27Feb2025 00:36:47.970] [main/WARN] [mixin/]: Reference map 'forgefrontier.refmap.json' for forgefrontier.mixins.json could not be read. If this is a development environment you can ignore this message
[27Feb2025 00:36:48.130] [main/INFO] [mixin/]: Remapping refMap rhino-common-refmap.json using C:\Users\gamma\IdeaProjects\ForgeFrontier/build/createSrgToMcp/output.srg
[27Feb2025 00:36:48.141] [main/INFO] [mixin/]: Remapping refMap moonlight-common-refmap.json using C:\Users\gamma\IdeaProjects\ForgeFrontier/build/createSrgToMcp/output.srg
[27Feb2025 00:36:48.144] [main/INFO] [mixin/]: Remapping refMap moonlight-forge-refmap.json using C:\Users\gamma\IdeaProjects\ForgeFrontier/build/createSrgToMcp/output.srg
[27Feb2025 00:36:48.147] [main/INFO] [mixin/]: Remapping refMap ftb-essentials-common-refmap.json using C:\Users\gamma\IdeaProjects\ForgeFrontier/build/createSrgToMcp/output.srg
[27Feb2025 00:36:48.150] [main/INFO] [mixin/]: Remapping refMap geckolib.refmap.json using C:\Users\gamma\IdeaProjects\ForgeFrontier/build/createSrgToMcp/output.srg
[27Feb2025 00:36:48.154] [main/INFO] [mixin/]: Remapping refMap ae2.mixins.refmap.json using C:\Users\gamma\IdeaProjects\ForgeFrontier/build/createSrgToMcp/output.srg
[27Feb2025 00:36:48.157] [main/INFO] [mixin/]: Remapping refMap curios.refmap.json using C:\Users\gamma\IdeaProjects\ForgeFrontier/build/createSrgToMcp/output.srg
[27Feb2025 00:36:48.160] [main/INFO] [mixin/]: Remapping refMap flywheel.refmap.json using C:\Users\gamma\IdeaProjects\ForgeFrontier/build/createSrgToMcp/output.srg
[27Feb2025 00:36:48.163] [main/INFO] [mixin/]: Remapping refMap mixins.create_sa.refmap.json using C:\Users\gamma\IdeaProjects\ForgeFrontier/build/createSrgToMcp/output.srg
[27Feb2025 00:36:48.249] [main/INFO] [mixin/]: Remapping refMap architectury-forge-refmap.json using C:\Users\gamma\IdeaProjects\ForgeFrontier/build/createSrgToMcp/output.srg
[27Feb2025 00:36:48.253] [main/INFO] [mixin/]: Remapping refMap architectury-common-refmap.json using C:\Users\gamma\IdeaProjects\ForgeFrontier/build/createSrgToMcp/output.srg
[27Feb2025 00:36:48.264] [main/INFO] [mixin/]: Remapping refMap kubejs-forge-refmap.json using C:\Users\gamma\IdeaProjects\ForgeFrontier/build/createSrgToMcp/output.srg
[27Feb2025 00:36:48.268] [main/INFO] [mixin/]: Remapping refMap kubejs-common-refmap.json using C:\Users\gamma\IdeaProjects\ForgeFrontier/build/createSrgToMcp/output.srg
[27Feb2025 00:36:48.272] [main/INFO] [mixin/]: Remapping refMap ftb-library-common-refmap.json using C:\Users\gamma\IdeaProjects\ForgeFrontier/build/createSrgToMcp/output.srg
[27Feb2025 00:36:48.276] [main/INFO] [mixin/]: Remapping refMap create.refmap.json using C:\Users\gamma\IdeaProjects\ForgeFrontier/build/createSrgToMcp/output.srg
[27Feb2025 00:36:48.308] [main/INFO] [mixin/]: Remapping refMap balancedflight.refmap.json using C:\Users\gamma\IdeaProjects\ForgeFrontier/build/createSrgToMcp/output.srg
[27Feb2025 00:36:49.284] [main/WARN] [mixin/]: Error loading class: mezz/modnametooltip/TooltipEventHandler (java.lang.ClassNotFoundException: mezz.modnametooltip.TooltipEventHandler)
[27Feb2025 00:36:49.293] [main/WARN] [mixin/]: Error loading class: me/shedaniel/rei/impl/client/ClientHelperImpl (java.lang.ClassNotFoundException: me.shedaniel.rei.impl.client.ClientHelperImpl)
[27Feb2025 00:36:49.423] [main/INFO] [MixinExtras|Service/]: Initializing MixinExtras via com.llamalad7.mixinextras.service.MixinExtrasServiceImpl(version=0.3.6).
[27Feb2025 00:36:55.104] [Datafixer Bootstrap/INFO] [com.mojang.datafixers.DataFixerBuilder/]: 188 Datafixer optimizations took 88 milliseconds
[27Feb2025 00:36:57.038] [Render thread/WARN] [net.minecraft.server.packs.VanillaPackResourcesBuilder/]: Assets URL 'union:/C:/Users/gamma/IdeaProjects/ForgeFrontier/build/fg_cache/net/minecraftforge/forge/1.20.1-47.3.22_mapped_parchment_2023.09.03-1.20.1/forge-1.20.1-47.3.22_mapped_parchment_2023.09.03-1.20.1.jar%23191!/assets/.mcassetsroot' uses unexpected schema
[27Feb2025 00:36:57.038] [Render thread/WARN] [net.minecraft.server.packs.VanillaPackResourcesBuilder/]: Assets URL 'union:/C:/Users/gamma/IdeaProjects/ForgeFrontier/build/fg_cache/net/minecraftforge/forge/1.20.1-47.3.22_mapped_parchment_2023.09.03-1.20.1/forge-1.20.1-47.3.22_mapped_parchment_2023.09.03-1.20.1.jar%23191!/data/.mcassetsroot' uses unexpected schema
[27Feb2025 00:36:57.050] [Render thread/INFO] [com.mojang.authlib.yggdrasil.YggdrasilAuthenticationService/]: Environment: authHost='https://authserver.mojang.com', accountsHost='https://api.mojang.com', sessionHost='https://sessionserver.mojang.com', servicesHost='https://api.minecraftservices.com', name='PROD'
[27Feb2025 00:36:57.053] [Render thread/INFO] [net.minecraft.client.Minecraft/]: Setting user: Dev
[27Feb2025 00:36:57.147] [Render thread/INFO] [net.minecraft.client.Minecraft/]: Backend library: LWJGL version 3.3.1 build 7
[27Feb2025 00:36:57.188] [Render thread/INFO] [KubeJS/]: Loaded client.properties
[27Feb2025 00:36:57.635] [modloading-worker-0/INFO] [com.jozufozu.flywheel.backend.Backend/]: No shaders mod detected.
[27Feb2025 00:36:57.680] [modloading-worker-0/INFO] [KubeJS/]: Loaded common.properties
[27Feb2025 00:36:57.694] [modloading-worker-0/INFO] [KubeJS/]: Loaded dev.properties
[27Feb2025 00:36:57.706] [modloading-worker-0/INFO] [dev.architectury.networking.forge.NetworkManagerImpl/]: Registering S2C receiver with id architectury:sync_ids
[27Feb2025 00:36:57.709] [modloading-worker-0/INFO] [dev.architectury.networking.forge.NetworkManagerImpl/]: Registering C2S receiver with id architectury:sync_ids
[27Feb2025 00:36:57.709] [modloading-worker-0/INFO] [dev.architectury.networking.forge.NetworkManagerImpl/]: Registering S2C receiver with id ftbessentials:update_tab_name
[27Feb2025 00:36:57.709] [modloading-worker-0/INFO] [dev.architectury.networking.forge.NetworkManagerImpl/]: Registering S2C receiver with id ftblibrary:edit_nbt
[27Feb2025 00:36:57.711] [modloading-worker-0/INFO] [dev.architectury.networking.forge.NetworkManagerImpl/]: Registering C2S receiver with id ftblibrary:edit_nbt_response
[27Feb2025 00:36:57.712] [modloading-worker-0/INFO] [dev.architectury.networking.forge.NetworkManagerImpl/]: Registering S2C receiver with id ftblibrary:sync_known_server_registries
[27Feb2025 00:36:57.718] [modloading-worker-0/INFO] [dev.architectury.networking.forge.NetworkManagerImpl/]: Registering S2C receiver with id ftblibrary:edit_config
[27Feb2025 00:36:57.724] [modloading-worker-0/INFO] [KubeJS Startup/]: Capturing errors for startup scripts enabled
[27Feb2025 00:36:57.724] [modloading-worker-0/INFO] [KubeJS/]: Looking for KubeJS plugins...
[27Feb2025 00:36:57.729] [modloading-worker-0/INFO] [KubeJS/]: Found plugin source kubejs
[27Feb2025 00:36:57.760] [modloading-worker-0/WARN] [KubeJS/]: Plugin dev.latvian.mods.kubejs.integration.forge.gamestages.GameStagesIntegration does not have required mod gamestages loaded, skipping
[27Feb2025 00:36:57.768] [modloading-worker-0/INFO] [KubeJS/]: Done in 42.30 ms
[27Feb2025 00:36:57.884] [modloading-worker-0/INFO] [net.minecraftforge.common.ForgeMod/FORGEMOD]: Forge mod loading, version 47.3.22, for MC 1.20.1 with MCP 20230612.114412
[27Feb2025 00:36:57.884] [modloading-worker-0/INFO] [net.minecraftforge.common.MinecraftForge/FORGE]: MinecraftForge v47.3.22 Initialized
[27Feb2025 00:36:57.905] [modloading-worker-0/INFO] [dev.architectury.networking.forge.NetworkManagerImpl/]: Registering S2C receiver with id ftbteams:sync_teams
[27Feb2025 00:36:57.907] [modloading-worker-0/INFO] [dev.architectury.networking.forge.NetworkManagerImpl/]: Registering S2C receiver with id ftbteams:sync_message_history
[27Feb2025 00:36:57.913] [modloading-worker-0/INFO] [dev.architectury.networking.forge.NetworkManagerImpl/]: Registering C2S receiver with id ftbteams:open_gui
[27Feb2025 00:36:57.915] [modloading-worker-0/INFO] [dev.architectury.networking.forge.NetworkManagerImpl/]: Registering S2C receiver with id ftbteams:open_my_team_gui
[27Feb2025 00:36:57.915] [modloading-worker-0/INFO] [dev.architectury.networking.forge.NetworkManagerImpl/]: Registering C2S receiver with id ftbteams:update_settings
[27Feb2025 00:36:57.916] [modloading-worker-0/INFO] [dev.architectury.networking.forge.NetworkManagerImpl/]: Registering S2C receiver with id ftbteams:update_settings_response
[27Feb2025 00:36:57.920] [modloading-worker-0/INFO] [dev.architectury.networking.forge.NetworkManagerImpl/]: Registering C2S receiver with id ftbteams:send_message
[27Feb2025 00:36:57.921] [modloading-worker-0/INFO] [dev.architectury.networking.forge.NetworkManagerImpl/]: Registering S2C receiver with id ftbteams:send_message_response
[27Feb2025 00:36:57.945] [modloading-worker-0/INFO] [dev.architectury.networking.forge.NetworkManagerImpl/]: Registering S2C receiver with id ftbteams:update_presence
[27Feb2025 00:36:57.947] [modloading-worker-0/INFO] [dev.architectury.networking.forge.NetworkManagerImpl/]: Registering C2S receiver with id ftbteams:create_party
[27Feb2025 00:36:57.948] [modloading-worker-0/INFO] [dev.architectury.networking.forge.NetworkManagerImpl/]: Registering C2S receiver with id ftbteams:player_gui_operation
[27Feb2025 00:36:58.199] [modloading-worker-0/INFO] [dev.architectury.networking.forge.NetworkManagerImpl/]: Registering S2C receiver with id ftbquests:sync_quests
[27Feb2025 00:36:58.201] [modloading-worker-0/INFO] [dev.architectury.networking.forge.NetworkManagerImpl/]: Registering S2C receiver with id ftbquests:sync_team_data
[27Feb2025 00:36:58.202] [modloading-worker-0/INFO] [dev.architectury.networking.forge.NetworkManagerImpl/]: Registering S2C receiver with id ftbquests:update_task_progress
[27Feb2025 00:36:58.203] [modloading-worker-0/INFO] [dev.architectury.networking.forge.NetworkManagerImpl/]: Registering C2S receiver with id ftbquests:submit_task
[27Feb2025 00:36:58.205] [modloading-worker-0/INFO] [dev.architectury.networking.forge.NetworkManagerImpl/]: Registering C2S receiver with id ftbquests:claim_reward
[27Feb2025 00:36:58.206] [modloading-worker-0/INFO] [dev.architectury.networking.forge.NetworkManagerImpl/]: Registering S2C receiver with id ftbquests:claim_reward_response
[27Feb2025 00:36:58.207] [modloading-worker-0/INFO] [dev.architectury.networking.forge.NetworkManagerImpl/]: Registering S2C receiver with id ftbquests:sync_editing_mode
[27Feb2025 00:36:58.207] [modloading-worker-0/INFO] [dev.architectury.networking.forge.NetworkManagerImpl/]: Registering C2S receiver with id ftbquests:get_emergency_items
[27Feb2025 00:36:58.208] [modloading-worker-0/INFO] [dev.architectury.networking.forge.NetworkManagerImpl/]: Registering S2C receiver with id ftbquests:create_other_team_data
[27Feb2025 00:36:58.209] [modloading-worker-0/INFO] [dev.architectury.networking.forge.NetworkManagerImpl/]: Registering C2S receiver with id ftbquests:claim_all_rewards
[27Feb2025 00:36:58.210] [modloading-worker-0/INFO] [dev.architectury.networking.forge.NetworkManagerImpl/]: Registering C2S receiver with id ftbquests:claim_choice_reward
[27Feb2025 00:36:58.211] [modloading-worker-0/INFO] [dev.architectury.networking.forge.NetworkManagerImpl/]: Registering S2C receiver with id ftbquests:display_completion_toast
[27Feb2025 00:36:58.212] [modloading-worker-0/INFO] [dev.architectury.networking.forge.NetworkManagerImpl/]: Registering S2C receiver with id ftbquests:display_reward_toast
[27Feb2025 00:36:58.239] [modloading-worker-0/INFO] [dev.architectury.networking.forge.NetworkManagerImpl/]: Registering S2C receiver with id ftbquests:display_item_reward_toast
[27Feb2025 00:36:58.240] [modloading-worker-0/INFO] [dev.architectury.networking.forge.NetworkManagerImpl/]: Registering C2S receiver with id ftbquests:toggle_pinned
[27Feb2025 00:36:58.241] [modloading-worker-0/INFO] [dev.architectury.networking.forge.NetworkManagerImpl/]: Registering S2C receiver with id ftbquests:toggle_pinned_response
[27Feb2025 00:36:58.241] [modloading-worker-0/INFO] [dev.architectury.networking.forge.NetworkManagerImpl/]: Registering C2S receiver with id ftbquests:toggle_chapter_pinned
[27Feb2025 00:36:58.242] [modloading-worker-0/INFO] [dev.architectury.networking.forge.NetworkManagerImpl/]: Registering S2C receiver with id ftbquests:toggle_chapter_pinned_response
[27Feb2025 00:36:58.243] [modloading-worker-0/INFO] [dev.architectury.networking.forge.NetworkManagerImpl/]: Registering C2S receiver with id ftbquests:toggle_editing_mode
[27Feb2025 00:36:58.243] [modloading-worker-0/INFO] [dev.architectury.networking.forge.NetworkManagerImpl/]: Registering C2S receiver with id ftbquests:force_save
[27Feb2025 00:36:58.244] [modloading-worker-0/INFO] [dev.architectury.networking.forge.NetworkManagerImpl/]: Registering S2C receiver with id ftbquests:update_team_data
[27Feb2025 00:36:58.244] [modloading-worker-0/INFO] [dev.architectury.networking.forge.NetworkManagerImpl/]: Registering C2S receiver with id ftbquests:set_custom_image
[27Feb2025 00:36:58.245] [modloading-worker-0/INFO] [dev.architectury.networking.forge.NetworkManagerImpl/]: Registering S2C receiver with id ftbquests:object_started
[27Feb2025 00:36:58.245] [modloading-worker-0/INFO] [dev.architectury.networking.forge.NetworkManagerImpl/]: Registering S2C receiver with id ftbquests:object_completed
[27Feb2025 00:36:58.246] [modloading-worker-0/INFO] [dev.architectury.networking.forge.NetworkManagerImpl/]: Registering S2C receiver with id ftbquests:object_started_reset
[27Feb2025 00:36:58.247] [modloading-worker-0/INFO] [dev.architectury.networking.forge.NetworkManagerImpl/]: Registering S2C receiver with id ftbquests:object_completed_reset
[27Feb2025 00:36:58.248] [modloading-worker-0/INFO] [dev.architectury.networking.forge.NetworkManagerImpl/]: Registering S2C receiver with id ftbquests:sync_lock
[27Feb2025 00:36:58.248] [modloading-worker-0/INFO] [dev.architectury.networking.forge.NetworkManagerImpl/]: Registering S2C receiver with id ftbquests:reset_reward
[27Feb2025 00:36:58.249] [modloading-worker-0/INFO] [dev.architectury.networking.forge.NetworkManagerImpl/]: Registering S2C receiver with id ftbquests:team_data_changed
[27Feb2025 00:36:58.249] [modloading-worker-0/INFO] [dev.architectury.networking.forge.NetworkManagerImpl/]: Registering S2C receiver with id ftbquests:task_screen_config_req
[27Feb2025 00:36:58.250] [modloading-worker-0/INFO] [dev.architectury.networking.forge.NetworkManagerImpl/]: Registering C2S receiver with id ftbquests:task_screen_config_resp
[27Feb2025 00:36:58.251] [modloading-worker-0/INFO] [dev.architectury.networking.forge.NetworkManagerImpl/]: Registering C2S receiver with id ftbquests:change_progress
[27Feb2025 00:36:58.252] [modloading-worker-0/INFO] [dev.architectury.networking.forge.NetworkManagerImpl/]: Registering C2S receiver with id ftbquests:create_object
[27Feb2025 00:36:58.279] [modloading-worker-0/INFO] [dev.architectury.networking.forge.NetworkManagerImpl/]: Registering S2C receiver with id ftbquests:create_object_response
[27Feb2025 00:36:58.280] [modloading-worker-0/INFO] [dev.architectury.networking.forge.NetworkManagerImpl/]: Registering C2S receiver with id ftbquests:create_task_at
[27Feb2025 00:36:58.281] [modloading-worker-0/INFO] [dev.architectury.networking.forge.NetworkManagerImpl/]: Registering C2S receiver with id ftbquests:delete_object
[27Feb2025 00:36:58.296] [modloading-worker-0/INFO] [dev.architectury.networking.forge.NetworkManagerImpl/]: Registering S2C receiver with id ftbquests:delete_object_response
[27Feb2025 00:36:58.300] [modloading-worker-0/INFO] [dev.architectury.networking.forge.NetworkManagerImpl/]: Registering C2S receiver with id ftbquests:edit_object
[27Feb2025 00:36:58.300] [modloading-worker-0/INFO] [dev.architectury.networking.forge.NetworkManagerImpl/]: Registering S2C receiver with id ftbquests:edit_object_response
[27Feb2025 00:36:58.301] [modloading-worker-0/INFO] [dev.architectury.networking.forge.NetworkManagerImpl/]: Registering C2S receiver with id ftbquests:move_chapter
[27Feb2025 00:36:58.301] [modloading-worker-0/INFO] [dev.architectury.networking.forge.NetworkManagerImpl/]: Registering S2C receiver with id ftbquests:move_chapter_response
[27Feb2025 00:36:58.302] [modloading-worker-0/INFO] [dev.architectury.networking.forge.NetworkManagerImpl/]: Registering C2S receiver with id ftbquests:move_quest
[27Feb2025 00:36:58.302] [modloading-worker-0/INFO] [dev.architectury.networking.forge.NetworkManagerImpl/]: Registering S2C receiver with id ftbquests:move_quest_response
[27Feb2025 00:36:58.304] [modloading-worker-0/INFO] [dev.architectury.networking.forge.NetworkManagerImpl/]: Registering C2S receiver with id ftbquests:change_chapter_group
[27Feb2025 00:36:58.304] [modloading-worker-0/INFO] [dev.architectury.networking.forge.NetworkManagerImpl/]: Registering S2C receiver with id ftbquests:change_chapter_group_response
[27Feb2025 00:36:58.304] [modloading-worker-0/INFO] [dev.architectury.networking.forge.NetworkManagerImpl/]: Registering C2S receiver with id ftbquests:move_chapter_group
[27Feb2025 00:36:58.307] [modloading-worker-0/INFO] [dev.architectury.networking.forge.NetworkManagerImpl/]: Registering S2C receiver with id ftbquests:move_chapter_group_response
[27Feb2025 00:36:58.307] [modloading-worker-0/INFO] [dev.architectury.networking.forge.NetworkManagerImpl/]: Registering S2C receiver with id ftbquests:sync_reward_blocking
[27Feb2025 00:36:58.308] [modloading-worker-0/INFO] [dev.architectury.networking.forge.NetworkManagerImpl/]: Registering C2S receiver with id ftbquests:copy_quest
[27Feb2025 00:36:58.311] [modloading-worker-0/INFO] [dev.architectury.networking.forge.NetworkManagerImpl/]: Registering C2S receiver with id ftbquests:copy_chapter_image
[27Feb2025 00:36:58.311] [modloading-worker-0/INFO] [dev.architectury.networking.forge.NetworkManagerImpl/]: Registering C2S receiver with id ftbquests:sync_structures_request
[27Feb2025 00:36:58.314] [modloading-worker-0/INFO] [dev.architectury.networking.forge.NetworkManagerImpl/]: Registering S2C receiver with id ftbquests:sync_structures_response
[27Feb2025 00:36:58.314] [modloading-worker-0/INFO] [dev.architectury.networking.forge.NetworkManagerImpl/]: Registering C2S receiver with id ftbquests:request_team_data
[27Feb2025 00:36:58.317] [modloading-worker-0/INFO] [dev.architectury.networking.forge.NetworkManagerImpl/]: Registering S2C receiver with id ftbquests:sync_editor_permission
[27Feb2025 00:36:58.318] [modloading-worker-0/INFO] [dev.architectury.networking.forge.NetworkManagerImpl/]: Registering S2C receiver with id ftbquests:open_quest_book
[27Feb2025 00:36:58.319] [modloading-worker-0/INFO] [dev.architectury.networking.forge.NetworkManagerImpl/]: Registering S2C receiver with id ftbquests:clear_display_cache
[27Feb2025 00:36:58.319] [modloading-worker-0/INFO] [mezz.jei.library.load.PluginCaller/]: Sending ConfigManager...
[27Feb2025 00:36:58.326] [modloading-worker-0/INFO] [mezz.jei.library.load.PluginCaller/]: Sending ConfigManager took 6.240 ms
[27Feb2025 00:36:58.346] [modloading-worker-0/INFO] [Rhino Script Remapper/]: Loading Rhino Minecraft remapper...
[27Feb2025 00:36:58.349] [modloading-worker-0/INFO] [dev.latvian.mods.rhino.mod.util.RhinoProperties/]: Rhino properties loaded.
[27Feb2025 00:36:58.352] [modloading-worker-0/INFO] [Rhino Script Remapper/]: Loading mappings for 1.20.1
[27Feb2025 00:36:58.415] [modloading-worker-0/INFO] [Rhino Script Remapper/]: Done in 0.069 s
[27Feb2025 00:36:58.879] [modloading-worker-0/INFO] [KubeJS Startup/]: example.js#5: Hello, World! (Loaded startup scripts)
[27Feb2025 00:36:58.882] [modloading-worker-0/INFO] [KubeJS Startup/]: Loaded script startup_scripts:example.js in 0.036 s
[27Feb2025 00:36:58.885] [modloading-worker-0/INFO] [KubeJS Startup/]: Loaded 1/1 KubeJS startup scripts in 0.467 s with 0 errors and 0 warnings
[27Feb2025 00:36:58.935] [modloading-worker-0/INFO] [KubeJS Client/]: example.js#5: Hello, World! (Loaded client scripts)
[27Feb2025 00:36:58.935] [modloading-worker-0/INFO] [KubeJS Client/]: Loaded script client_scripts:example.js in 0.0 s
[27Feb2025 00:36:58.935] [modloading-worker-0/INFO] [KubeJS Client/]: Loaded 1/1 KubeJS client scripts in 0.016 s with 0 errors and 0 warnings
[27Feb2025 00:36:58.961] [modloading-worker-0/INFO] [dev.architectury.networking.forge.NetworkManagerImpl/]: Registering C2S receiver with id kubejs:send_data_from_client
[27Feb2025 00:36:58.961] [modloading-worker-0/INFO] [dev.architectury.networking.forge.NetworkManagerImpl/]: Registering S2C receiver with id kubejs:send_data_from_server
[27Feb2025 00:36:58.962] [modloading-worker-0/INFO] [dev.architectury.networking.forge.NetworkManagerImpl/]: Registering S2C receiver with id kubejs:paint
[27Feb2025 00:36:58.962] [modloading-worker-0/INFO] [dev.architectury.networking.forge.NetworkManagerImpl/]: Registering S2C receiver with id kubejs:add_stage
[27Feb2025 00:36:58.964] [modloading-worker-0/INFO] [dev.architectury.networking.forge.NetworkManagerImpl/]: Registering S2C receiver with id kubejs:remove_stage
[27Feb2025 00:36:58.964] [modloading-worker-0/INFO] [dev.architectury.networking.forge.NetworkManagerImpl/]: Registering S2C receiver with id kubejs:sync_stages
[27Feb2025 00:36:58.964] [modloading-worker-0/INFO] [dev.architectury.networking.forge.NetworkManagerImpl/]: Registering C2S receiver with id kubejs:first_click
[27Feb2025 00:36:58.965] [modloading-worker-0/INFO] [dev.architectury.networking.forge.NetworkManagerImpl/]: Registering S2C receiver with id kubejs:toast
[27Feb2025 00:36:58.967] [modloading-worker-0/INFO] [dev.architectury.networking.forge.NetworkManagerImpl/]: Registering S2C receiver with id kubejs:reload_startup_scripts
[27Feb2025 00:36:58.967] [modloading-worker-0/INFO] [dev.architectury.networking.forge.NetworkManagerImpl/]: Registering S2C receiver with id kubejs:display_server_errors
[27Feb2025 00:36:58.967] [modloading-worker-0/INFO] [dev.architectury.networking.forge.NetworkManagerImpl/]: Registering S2C receiver with id kubejs:display_client_errors
[27Feb2025 00:36:59.567] [Render thread/INFO] [KubeJS/]: Skipping minecraft:sound_event registry
[27Feb2025 00:36:59.579] [Render thread/INFO] [KubeJS/]: Skipping minecraft:fluid registry
[27Feb2025 00:36:59.822] [Render thread/INFO] [KubeJS/]: Skipping minecraft:block registry
[27Feb2025 00:37:00.343] [Render thread/INFO] [Moonlight/]: Initialized block sets in 11ms
[27Feb2025 00:37:00.343] [Render thread/INFO] [KubeJS/]: Skipping minecraft:attribute registry
[27Feb2025 00:37:00.346] [Render thread/INFO] [KubeJS/]: Skipping minecraft:mob_effect registry
[27Feb2025 00:37:00.350] [Render thread/INFO] [KubeJS/]: Skipping minecraft:particle_type registry
[27Feb2025 00:37:00.473] [Render thread/INFO] [KubeJS/]: Skipping minecraft:item registry
[27Feb2025 00:37:00.521] [Render thread/INFO] [KubeJS/]: Skipping minecraft:entity_type registry
[27Feb2025 00:37:00.522] [Render thread/INFO] [KubeJS/]: Skipping minecraft:sensor_type registry
[27Feb2025 00:37:00.524] [Render thread/INFO] [KubeJS/]: Skipping minecraft:memory_module_type registry
[27Feb2025 00:37:00.524] [Render thread/INFO] [KubeJS/]: Skipping minecraft:potion registry
[27Feb2025 00:37:00.525] [Render thread/INFO] [KubeJS/]: Skipping minecraft:game_event registry
[27Feb2025 00:37:00.527] [Render thread/INFO] [KubeJS/]: Skipping minecraft:enchantment registry
[27Feb2025 00:37:00.536] [Render thread/INFO] [KubeJS/]: Skipping minecraft:block_entity_type registry
[27Feb2025 00:37:00.557] [Render thread/INFO] [KubeJS/]: Skipping minecraft:painting_variant registry
[27Feb2025 00:37:00.558] [Render thread/INFO] [KubeJS/]: Skipping minecraft:stat_type registry
[27Feb2025 00:37:00.560] [Render thread/INFO] [KubeJS/]: Skipping minecraft:custom_stat registry
[27Feb2025 00:37:00.561] [Render thread/INFO] [KubeJS/]: Skipping minecraft:chunk_status registry
[27Feb2025 00:37:00.561] [Render thread/INFO] [KubeJS/]: Skipping minecraft:rule_test registry
[27Feb2025 00:37:00.562] [Render thread/INFO] [KubeJS/]: Skipping minecraft:rule_block_entity_modifier registry
[27Feb2025 00:37:00.562] [Render thread/INFO] [KubeJS/]: Skipping minecraft:pos_rule_test registry
[27Feb2025 00:37:00.574] [Render thread/INFO] [KubeJS/]: Skipping minecraft:menu registry
[27Feb2025 00:37:00.614] [Render thread/INFO] [KubeJS/]: Skipping minecraft:recipe_type registry
[27Feb2025 00:37:00.617] [Render thread/INFO] [KubeJS/]: Skipping minecraft:recipe_serializer registry
[27Feb2025 00:37:00.629] [Render thread/INFO] [KubeJS/]: Skipping minecraft:position_source_type registry
[27Feb2025 00:37:00.630] [Render thread/INFO] [KubeJS/]: Skipping minecraft:command_argument_type registry
[27Feb2025 00:37:00.633] [Render thread/INFO] [KubeJS/]: Skipping minecraft:villager_type registry
[27Feb2025 00:37:00.635] [Render thread/INFO] [KubeJS/]: Skipping minecraft:villager_profession registry
[27Feb2025 00:37:00.635] [Render thread/INFO] [KubeJS/]: Skipping minecraft:point_of_interest_type registry
[27Feb2025 00:37:00.636] [Render thread/INFO] [KubeJS/]: Skipping minecraft:schedule registry
[27Feb2025 00:37:00.636] [Render thread/INFO] [KubeJS/]: Skipping minecraft:activity registry
[27Feb2025 00:37:00.637] [Render thread/INFO] [KubeJS/]: Skipping minecraft:loot_pool_entry_type registry
[27Feb2025 00:37:00.639] [Render thread/INFO] [KubeJS/]: Skipping minecraft:loot_function_type registry
[27Feb2025 00:37:00.640] [Render thread/INFO] [KubeJS/]: Skipping minecraft:loot_condition_type registry
[27Feb2025 00:37:00.644] [Render thread/INFO] [KubeJS/]: Skipping minecraft:loot_number_provider_type registry
[27Feb2025 00:37:00.644] [Render thread/INFO] [KubeJS/]: Skipping minecraft:loot_nbt_provider_type registry
[27Feb2025 00:37:00.645] [Render thread/INFO] [KubeJS/]: Skipping minecraft:loot_score_provider_type registry
[27Feb2025 00:37:00.645] [Render thread/INFO] [KubeJS/]: Skipping minecraft:float_provider_type registry
[27Feb2025 00:37:00.645] [Render thread/INFO] [KubeJS/]: Skipping minecraft:int_provider_type registry
[27Feb2025 00:37:00.645] [Render thread/INFO] [KubeJS/]: Skipping minecraft:height_provider_type registry
[27Feb2025 00:37:00.645] [Render thread/INFO] [KubeJS/]: Skipping minecraft:block_predicate_type registry
[27Feb2025 00:37:00.646] [Render thread/INFO] [KubeJS/]: Skipping minecraft:worldgen/carver registry
[27Feb2025 00:37:00.648] [Render thread/INFO] [KubeJS/]: Skipping minecraft:worldgen/feature registry
[27Feb2025 00:37:00.651] [Render thread/INFO] [KubeJS/]: Skipping minecraft:worldgen/structure_processor registry
[27Feb2025 00:37:00.651] [Render thread/INFO] [KubeJS/]: Skipping minecraft:worldgen/structure_placement registry
[27Feb2025 00:37:00.651] [Render thread/INFO] [KubeJS/]: Skipping minecraft:worldgen/structure_piece registry
[27Feb2025 00:37:00.652] [Render thread/INFO] [KubeJS/]: Skipping minecraft:worldgen/structure_type registry
[27Feb2025 00:37:00.653] [Render thread/INFO] [KubeJS/]: Skipping minecraft:worldgen/placement_modifier_type registry
[27Feb2025 00:37:00.653] [Render thread/INFO] [KubeJS/]: Skipping minecraft:worldgen/block_state_provider_type registry
[27Feb2025 00:37:00.654] [Render thread/INFO] [KubeJS/]: Skipping minecraft:worldgen/foliage_placer_type registry
[27Feb2025 00:37:00.654] [Render thread/INFO] [KubeJS/]: Skipping minecraft:worldgen/trunk_placer_type registry
[27Feb2025 00:37:00.655] [Render thread/INFO] [KubeJS/]: Skipping minecraft:worldgen/root_placer_type registry
[27Feb2025 00:37:00.655] [Render thread/INFO] [KubeJS/]: Skipping minecraft:worldgen/tree_decorator_type registry
[27Feb2025 00:37:00.655] [Render thread/INFO] [KubeJS/]: Skipping minecraft:worldgen/feature_size_type registry
[27Feb2025 00:37:00.656] [Render thread/INFO] [KubeJS/]: Skipping minecraft:worldgen/biome_source registry
[27Feb2025 00:37:00.658] [Render thread/INFO] [KubeJS/]: Skipping minecraft:worldgen/chunk_generator registry
[27Feb2025 00:37:00.658] [Render thread/INFO] [KubeJS/]: Skipping minecraft:worldgen/material_condition registry
[27Feb2025 00:37:00.658] [Render thread/INFO] [KubeJS/]: Skipping minecraft:worldgen/material_rule registry
[27Feb2025 00:37:00.659] [Render thread/INFO] [KubeJS/]: Skipping minecraft:worldgen/density_function_type registry
[27Feb2025 00:37:00.659] [Render thread/INFO] [KubeJS/]: Skipping minecraft:worldgen/structure_pool_element registry
[27Feb2025 00:37:00.659] [Render thread/INFO] [KubeJS/]: Skipping minecraft:cat_variant registry
[27Feb2025 00:37:00.659] [Render thread/INFO] [KubeJS/]: Skipping minecraft:frog_variant registry
[27Feb2025 00:37:00.659] [Render thread/INFO] [KubeJS/]: Skipping minecraft:banner_pattern registry
[27Feb2025 00:37:00.661] [Render thread/INFO] [KubeJS/]: Skipping minecraft:instrument registry
[27Feb2025 00:37:00.661] [Render thread/INFO] [KubeJS/]: Skipping minecraft:decorated_pot_patterns registry
[27Feb2025 00:37:00.665] [Render thread/INFO] [KubeJS/]: Skipping minecraft:creative_mode_tab registry
[27Feb2025 00:37:00.670] [Render thread/INFO] [KubeJS/]: Skipping ae2:keytypes registry
[27Feb2025 00:37:00.671] [Render thread/INFO] [KubeJS/]: Skipping forge:biome_modifier_serializers registry
[27Feb2025 00:37:00.677] [Render thread/INFO] [KubeJS/]: Skipping forge:display_contexts registry
[27Feb2025 00:37:00.679] [Render thread/INFO] [KubeJS/]: Skipping forge:entity_data_serializers registry
[27Feb2025 00:37:00.680] [Render thread/INFO] [KubeJS/]: Skipping forge:fluid_type registry
[27Feb2025 00:37:00.685] [Render thread/INFO] [KubeJS/]: Skipping forge:global_loot_modifier_serializers registry
[27Feb2025 00:37:00.686] [Render thread/INFO] [KubeJS/]: Skipping forge:holder_set_type registry
[27Feb2025 00:37:00.691] [Render thread/INFO] [KubeJS/]: Skipping forge:structure_modifier_serializers registry
[27Feb2025 00:37:00.692] [Render thread/INFO] [KubeJS/]: Skipping minecraft:worldgen/biome registry
[27Feb2025 00:37:01.082] [Render thread/INFO] [net.minecraftforge.gametest.ForgeGameTestHooks/]: Enabled Gametest Namespaces: [forgefrontier]
[27Feb2025 00:37:01.444] [Render thread/INFO] [KubeJS/]: Generated CLIENT_RESOURCES data (1 files)
[27Feb2025 00:37:01.445] [Render thread/INFO] [net.minecraft.server.packs.resources.ReloadableResourceManager/]: Reloading ResourceManager: vanilla, mod_resources, Moonlight Mods Dynamic Assets, KubeJS Resource Pack [assets]
[27Feb2025 00:37:01.453] [Render thread/INFO] [Moonlight/]: Generated runtime CLIENT_RESOURCES for pack Moonlight Mods Dynamic Assets (moonlight) in: 2 ms (debug resource dump on)
[27Feb2025 00:37:01.615] [modloading-worker-0/WARN] [net.minecraftforge.common.ForgeConfigSpec/CORE]: Configuration file C:\Users\gamma\IdeaProjects\ForgeFrontier\run\config\forgefrontier-common.toml is not correct. Correcting
[27Feb2025 00:37:01.617] [modloading-worker-0/WARN] [net.minecraftforge.common.ForgeConfigSpec/CORE]: Incorrect key machines.misc.ticking_curio_slots was corrected from head to its default, head. 
[27Feb2025 00:37:01.665] [Render thread/INFO] [KubeJS Client/]: Client resource reload complete!
[27Feb2025 00:37:01.698] [Worker-Main-14/INFO] [net.minecraft.client.gui.font.providers.UnihexProvider/]: Found unifont_all_no_pua-15.0.06.hex, loading
[27Feb2025 00:37:01.785] [Forge Version Check/INFO] [net.minecraftforge.fml.VersionChecker/]: [moonlight] Starting version check at https://raw.githubusercontent.com/MehVahdJukaar/Moonlight/multi-loader/forge/update.json
[27Feb2025 00:37:01.956] [Render thread/INFO] [Moonlight/]: Initialized color sets in 22ms
[27Feb2025 00:37:02.068] [Worker-Main-12/INFO] [KubeJS/]: CLIENT SETUP
[27Feb2025 00:37:02.112] [Forge Version Check/INFO] [net.minecraftforge.fml.VersionChecker/]: [moonlight] Found status: BETA Current: 1.20-2.13.53 Target: null
[27Feb2025 00:37:02.112] [Forge Version Check/INFO] [net.minecraftforge.fml.VersionChecker/]: [pipez] Starting version check at https://maxhenkel.de/update/pipez.json
[27Feb2025 00:37:02.447] [Worker-Main-13/ERROR] [net.minecraft.client.resources.model.ModelManager/]: Failed to load model createteleporters:models/block/item_tp.json
com.google.gson.JsonParseException: Model loader 'fusion:model' not found. Registered loaders: forge:elements, forge:obj, forge:fluid_container, forge:composite, forge:separate_transforms, forge:empty, forge:item_layers
	at net.minecraftforge.client.model.ExtendedBlockModelDeserializer.deserializeGeometry(ExtendedBlockModelDeserializer.java:97) ~[forge-1.20.1-47.3.22_mapped_parchment_2023.09.03-1.20.1.jar%23190%23197!/:?]
	at net.minecraftforge.client.model.ExtendedBlockModelDeserializer.deserialize(ExtendedBlockModelDeserializer.java:55) ~[forge-1.20.1-47.3.22_mapped_parchment_2023.09.03-1.20.1.jar%23190%23197!/:?]
	at net.minecraftforge.client.model.ExtendedBlockModelDeserializer.deserialize(ExtendedBlockModelDeserializer.java:38) ~[forge-1.20.1-47.3.22_mapped_parchment_2023.09.03-1.20.1.jar%23190%23197!/:?]
	at com.google.gson.internal.bind.TreeTypeAdapter.read(TreeTypeAdapter.java:76) ~[gson-2.10.jar%23131!/:?]
	at net.minecraft.util.GsonHelper.fromNullableJson(GsonHelper.java:524) ~[forge-1.20.1-47.3.22_mapped_parchment_2023.09.03-1.20.1.jar%23191!/:?]
	at net.minecraft.util.GsonHelper.fromJson(GsonHelper.java:531) ~[forge-1.20.1-47.3.22_mapped_parchment_2023.09.03-1.20.1.jar%23191!/:?]
	at net.minecraft.util.GsonHelper.fromJson(GsonHelper.java:581) ~[forge-1.20.1-47.3.22_mapped_parchment_2023.09.03-1.20.1.jar%23191!/:?]
	at net.minecraft.client.renderer.block.model.BlockModel.fromStream(BlockModel.java:74) ~[forge-1.20.1-47.3.22_mapped_parchment_2023.09.03-1.20.1.jar%23191!/:?]
	at net.minecraft.client.resources.model.ModelManager.lambda$loadBlockModels$8(ModelManager.java:110) ~[forge-1.20.1-47.3.22_mapped_parchment_2023.09.03-1.20.1.jar%23191!/:?]
	at java.util.concurrent.CompletableFuture$AsyncSupply.run$$$capture(CompletableFuture.java:1768) ~[?:?]
	at java.util.concurrent.CompletableFuture$AsyncSupply.run(CompletableFuture.java) ~[?:?]
	at java.util.concurrent.CompletableFuture$AsyncSupply.exec(CompletableFuture.java:1760) ~[?:?]
	at java.util.concurrent.ForkJoinTask.doExec$$$capture(ForkJoinTask.java:373) ~[?:?]
	at java.util.concurrent.ForkJoinTask.doExec(ForkJoinTask.java) ~[?:?]
	at java.util.concurrent.ForkJoinPool$WorkQueue.topLevelExec(ForkJoinPool.java:1182) ~[?:?]
	at java.util.concurrent.ForkJoinPool.scan(ForkJoinPool.java:1655) ~[?:?]
	at java.util.concurrent.ForkJoinPool.runWorker(ForkJoinPool.java:1622) ~[?:?]
	at java.util.concurrent.ForkJoinWorkerThread.run(ForkJoinWorkerThread.java:165) ~[?:?]
[27Feb2025 00:37:02.474] [Worker-Main-6/ERROR] [net.minecraft.client.resources.model.ModelManager/]: Failed to load model createteleporters:models/block/pocket_d_block.json
com.google.gson.JsonParseException: Model loader 'fusion:model' not found. Registered loaders: forge:elements, forge:obj, forge:fluid_container, forge:composite, forge:separate_transforms, forge:empty, forge:item_layers
	at net.minecraftforge.client.model.ExtendedBlockModelDeserializer.deserializeGeometry(ExtendedBlockModelDeserializer.java:97) ~[forge-1.20.1-47.3.22_mapped_parchment_2023.09.03-1.20.1.jar%23190%23197!/:?]
	at net.minecraftforge.client.model.ExtendedBlockModelDeserializer.deserialize(ExtendedBlockModelDeserializer.java:55) ~[forge-1.20.1-47.3.22_mapped_parchment_2023.09.03-1.20.1.jar%23190%23197!/:?]
	at net.minecraftforge.client.model.ExtendedBlockModelDeserializer.deserialize(ExtendedBlockModelDeserializer.java:38) ~[forge-1.20.1-47.3.22_mapped_parchment_2023.09.03-1.20.1.jar%23190%23197!/:?]
	at com.google.gson.internal.bind.TreeTypeAdapter.read(TreeTypeAdapter.java:76) ~[gson-2.10.jar%23131!/:?]
	at net.minecraft.util.GsonHelper.fromNullableJson(GsonHelper.java:524) ~[forge-1.20.1-47.3.22_mapped_parchment_2023.09.03-1.20.1.jar%23191!/:?]
	at net.minecraft.util.GsonHelper.fromJson(GsonHelper.java:531) ~[forge-1.20.1-47.3.22_mapped_parchment_2023.09.03-1.20.1.jar%23191!/:?]
	at net.minecraft.util.GsonHelper.fromJson(GsonHelper.java:581) ~[forge-1.20.1-47.3.22_mapped_parchment_2023.09.03-1.20.1.jar%23191!/:?]
	at net.minecraft.client.renderer.block.model.BlockModel.fromStream(BlockModel.java:74) ~[forge-1.20.1-47.3.22_mapped_parchment_2023.09.03-1.20.1.jar%23191!/:?]
	at net.minecraft.client.resources.model.ModelManager.lambda$loadBlockModels$8(ModelManager.java:110) ~[forge-1.20.1-47.3.22_mapped_parchment_2023.09.03-1.20.1.jar%23191!/:?]
	at java.util.concurrent.CompletableFuture$AsyncSupply.run$$$capture(CompletableFuture.java:1768) ~[?:?]
	at java.util.concurrent.CompletableFuture$AsyncSupply.run(CompletableFuture.java) ~[?:?]
	at java.util.concurrent.CompletableFuture$AsyncSupply.exec(CompletableFuture.java:1760) ~[?:?]
	at java.util.concurrent.ForkJoinTask.doExec$$$capture(ForkJoinTask.java:373) ~[?:?]
	at java.util.concurrent.ForkJoinTask.doExec(ForkJoinTask.java) ~[?:?]
	at java.util.concurrent.ForkJoinPool$WorkQueue.topLevelExec(ForkJoinPool.java:1182) ~[?:?]
	at java.util.concurrent.ForkJoinPool.scan(ForkJoinPool.java:1655) ~[?:?]
	at java.util.concurrent.ForkJoinPool.runWorker(ForkJoinPool.java:1622) ~[?:?]
	at java.util.concurrent.ForkJoinWorkerThread.run(ForkJoinWorkerThread.java:165) ~[?:?]
[27Feb2025 00:37:02.490] [Worker-Main-10/ERROR] [net.minecraft.client.resources.model.ModelManager/]: Failed to load model createteleporters:models/block/quantum_casing.json
com.google.gson.JsonParseException: Model loader 'fusion:model' not found. Registered loaders: forge:elements, forge:obj, forge:fluid_container, forge:composite, forge:separate_transforms, forge:empty, forge:item_layers
	at net.minecraftforge.client.model.ExtendedBlockModelDeserializer.deserializeGeometry(ExtendedBlockModelDeserializer.java:97) ~[forge-1.20.1-47.3.22_mapped_parchment_2023.09.03-1.20.1.jar%23190%23197!/:?]
	at net.minecraftforge.client.model.ExtendedBlockModelDeserializer.deserialize(ExtendedBlockModelDeserializer.java:55) ~[forge-1.20.1-47.3.22_mapped_parchment_2023.09.03-1.20.1.jar%23190%23197!/:?]
	at net.minecraftforge.client.model.ExtendedBlockModelDeserializer.deserialize(ExtendedBlockModelDeserializer.java:38) ~[forge-1.20.1-47.3.22_mapped_parchment_2023.09.03-1.20.1.jar%23190%23197!/:?]
	at com.google.gson.internal.bind.TreeTypeAdapter.read(TreeTypeAdapter.java:76) ~[gson-2.10.jar%23131!/:?]
	at net.minecraft.util.GsonHelper.fromNullableJson(GsonHelper.java:524) ~[forge-1.20.1-47.3.22_mapped_parchment_2023.09.03-1.20.1.jar%23191!/:?]
	at net.minecraft.util.GsonHelper.fromJson(GsonHelper.java:531) ~[forge-1.20.1-47.3.22_mapped_parchment_2023.09.03-1.20.1.jar%23191!/:?]
	at net.minecraft.util.GsonHelper.fromJson(GsonHelper.java:581) ~[forge-1.20.1-47.3.22_mapped_parchment_2023.09.03-1.20.1.jar%23191!/:?]
	at net.minecraft.client.renderer.block.model.BlockModel.fromStream(BlockModel.java:74) ~[forge-1.20.1-47.3.22_mapped_parchment_2023.09.03-1.20.1.jar%23191!/:?]
	at net.minecraft.client.resources.model.ModelManager.lambda$loadBlockModels$8(ModelManager.java:110) ~[forge-1.20.1-47.3.22_mapped_parchment_2023.09.03-1.20.1.jar%23191!/:?]
	at java.util.concurrent.CompletableFuture$AsyncSupply.run$$$capture(CompletableFuture.java:1768) ~[?:?]
	at java.util.concurrent.CompletableFuture$AsyncSupply.run(CompletableFuture.java) ~[?:?]
	at java.util.concurrent.CompletableFuture$AsyncSupply.exec(CompletableFuture.java:1760) ~[?:?]
	at java.util.concurrent.ForkJoinTask.doExec$$$capture(ForkJoinTask.java:373) ~[?:?]
	at java.util.concurrent.ForkJoinTask.doExec(ForkJoinTask.java) ~[?:?]
	at java.util.concurrent.ForkJoinPool$WorkQueue.topLevelExec(ForkJoinPool.java:1182) ~[?:?]
	at java.util.concurrent.ForkJoinPool.scan(ForkJoinPool.java:1655) ~[?:?]
	at java.util.concurrent.ForkJoinPool.runWorker(ForkJoinPool.java:1622) ~[?:?]
	at java.util.concurrent.ForkJoinWorkerThread.run(ForkJoinWorkerThread.java:165) ~[?:?]
[27Feb2025 00:37:02.528] [Worker-Main-10/ERROR] [net.minecraft.client.resources.model.ModelManager/]: Failed to load model createteleporters:models/block/tp_rec.json
com.google.gson.JsonParseException: Model loader 'fusion:model' not found. Registered loaders: forge:elements, forge:obj, forge:fluid_container, forge:composite, forge:separate_transforms, forge:empty, forge:item_layers
	at net.minecraftforge.client.model.ExtendedBlockModelDeserializer.deserializeGeometry(ExtendedBlockModelDeserializer.java:97) ~[forge-1.20.1-47.3.22_mapped_parchment_2023.09.03-1.20.1.jar%23190%23197!/:?]
	at net.minecraftforge.client.model.ExtendedBlockModelDeserializer.deserialize(ExtendedBlockModelDeserializer.java:55) ~[forge-1.20.1-47.3.22_mapped_parchment_2023.09.03-1.20.1.jar%23190%23197!/:?]
	at net.minecraftforge.client.model.ExtendedBlockModelDeserializer.deserialize(ExtendedBlockModelDeserializer.java:38) ~[forge-1.20.1-47.3.22_mapped_parchment_2023.09.03-1.20.1.jar%23190%23197!/:?]
	at com.google.gson.internal.bind.TreeTypeAdapter.read(TreeTypeAdapter.java:76) ~[gson-2.10.jar%23131!/:?]
	at net.minecraft.util.GsonHelper.fromNullableJson(GsonHelper.java:524) ~[forge-1.20.1-47.3.22_mapped_parchment_2023.09.03-1.20.1.jar%23191!/:?]
	at net.minecraft.util.GsonHelper.fromJson(GsonHelper.java:531) ~[forge-1.20.1-47.3.22_mapped_parchment_2023.09.03-1.20.1.jar%23191!/:?]
	at net.minecraft.util.GsonHelper.fromJson(GsonHelper.java:581) ~[forge-1.20.1-47.3.22_mapped_parchment_2023.09.03-1.20.1.jar%23191!/:?]
	at net.minecraft.client.renderer.block.model.BlockModel.fromStream(BlockModel.java:74) ~[forge-1.20.1-47.3.22_mapped_parchment_2023.09.03-1.20.1.jar%23191!/:?]
	at net.minecraft.client.resources.model.ModelManager.lambda$loadBlockModels$8(ModelManager.java:110) ~[forge-1.20.1-47.3.22_mapped_parchment_2023.09.03-1.20.1.jar%23191!/:?]
	at java.util.concurrent.CompletableFuture$AsyncSupply.run$$$capture(CompletableFuture.java:1768) ~[?:?]
	at java.util.concurrent.CompletableFuture$AsyncSupply.run(CompletableFuture.java) ~[?:?]
	at java.util.concurrent.CompletableFuture$AsyncSupply.exec(CompletableFuture.java:1760) ~[?:?]
	at java.util.concurrent.ForkJoinTask.doExec$$$capture(ForkJoinTask.java:373) ~[?:?]
	at java.util.concurrent.ForkJoinTask.doExec(ForkJoinTask.java) ~[?:?]
	at java.util.concurrent.ForkJoinPool$WorkQueue.topLevelExec(ForkJoinPool.java:1182) ~[?:?]
	at java.util.concurrent.ForkJoinPool.scan(ForkJoinPool.java:1655) ~[?:?]
	at java.util.concurrent.ForkJoinPool.runWorker(ForkJoinPool.java:1622) ~[?:?]
	at java.util.concurrent.ForkJoinWorkerThread.run(ForkJoinWorkerThread.java:165) ~[?:?]
[27Feb2025 00:37:02.574] [Worker-Main-14/ERROR] [net.minecraft.client.resources.model.ModelManager/]: Failed to load model create_sa:models/custom/flywheel_back.json
com.google.gson.JsonParseException: Invalid rotation -90.0 found, only -45/-22.5/0/22.5/45 allowed
	at net.minecraft.client.renderer.block.model.BlockElement$Deserializer.getAngle(BlockElement.java:112) ~[forge-1.20.1-47.3.22_mapped_parchment_2023.09.03-1.20.1.jar%23191!/:?]
	at net.minecraft.client.renderer.block.model.BlockElement$Deserializer.getRotation(BlockElement.java:101) ~[forge-1.20.1-47.3.22_mapped_parchment_2023.09.03-1.20.1.jar%23191!/:?]
	at net.minecraft.client.renderer.block.model.BlockElement$Deserializer.deserialize(BlockElement.java:82) ~[forge-1.20.1-47.3.22_mapped_parchment_2023.09.03-1.20.1.jar%23191!/:?]
	at net.minecraft.client.renderer.block.model.BlockElement$Deserializer.deserialize(BlockElement.java:74) ~[forge-1.20.1-47.3.22_mapped_parchment_2023.09.03-1.20.1.jar%23191!/:?]
	at com.google.gson.internal.bind.TreeTypeAdapter.read(TreeTypeAdapter.java:76) ~[gson-2.10.jar%23131!/:?]
	at com.google.gson.Gson.fromJson(Gson.java:1214) ~[gson-2.10.jar%23131!/:?]
	at com.google.gson.Gson.fromJson(Gson.java:1319) ~[gson-2.10.jar%23131!/:?]
	at com.google.gson.Gson.fromJson(Gson.java:1290) ~[gson-2.10.jar%23131!/:?]
	at com.google.gson.internal.bind.TreeTypeAdapter$GsonContextImpl.deserialize(TreeTypeAdapter.java:179) ~[gson-2.10.jar%23131!/:?]
	at net.minecraft.client.renderer.block.model.BlockModel$Deserializer.getElements(BlockModel.java:376) ~[forge-1.20.1-47.3.22_mapped_parchment_2023.09.03-1.20.1.jar%23191!/:?]
	at net.minecraft.client.renderer.block.model.BlockModel$Deserializer.deserialize(BlockModel.java:305) ~[forge-1.20.1-47.3.22_mapped_parchment_2023.09.03-1.20.1.jar%23191!/:?]
	at net.minecraftforge.client.model.ExtendedBlockModelDeserializer.deserialize(ExtendedBlockModelDeserializer.java:53) ~[forge-1.20.1-47.3.22_mapped_parchment_2023.09.03-1.20.1.jar%23190%23197!/:?]
	at net.minecraftforge.client.model.ExtendedBlockModelDeserializer.deserialize(ExtendedBlockModelDeserializer.java:38) ~[forge-1.20.1-47.3.22_mapped_parchment_2023.09.03-1.20.1.jar%23190%23197!/:?]
	at com.google.gson.internal.bind.TreeTypeAdapter.read(TreeTypeAdapter.java:76) ~[gson-2.10.jar%23131!/:?]
	at net.minecraft.util.GsonHelper.fromNullableJson(GsonHelper.java:524) ~[forge-1.20.1-47.3.22_mapped_parchment_2023.09.03-1.20.1.jar%23191!/:?]
	at net.minecraft.util.GsonHelper.fromJson(GsonHelper.java:531) ~[forge-1.20.1-47.3.22_mapped_parchment_2023.09.03-1.20.1.jar%23191!/:?]
	at net.minecraft.util.GsonHelper.fromJson(GsonHelper.java:581) ~[forge-1.20.1-47.3.22_mapped_parchment_2023.09.03-1.20.1.jar%23191!/:?]
	at net.minecraft.client.renderer.block.model.BlockModel.fromStream(BlockModel.java:74) ~[forge-1.20.1-47.3.22_mapped_parchment_2023.09.03-1.20.1.jar%23191!/:?]
	at net.minecraft.client.resources.model.ModelManager.lambda$loadBlockModels$8(ModelManager.java:110) ~[forge-1.20.1-47.3.22_mapped_parchment_2023.09.03-1.20.1.jar%23191!/:?]
	at java.util.concurrent.CompletableFuture$AsyncSupply.run$$$capture(CompletableFuture.java:1768) ~[?:?]
	at java.util.concurrent.CompletableFuture$AsyncSupply.run(CompletableFuture.java) ~[?:?]
	at java.util.concurrent.CompletableFuture$AsyncSupply.exec(CompletableFuture.java:1760) ~[?:?]
	at java.util.concurrent.ForkJoinTask.doExec$$$capture(ForkJoinTask.java:373) ~[?:?]
	at java.util.concurrent.ForkJoinTask.doExec(ForkJoinTask.java) ~[?:?]
	at java.util.concurrent.ForkJoinPool$WorkQueue.topLevelExec(ForkJoinPool.java:1182) ~[?:?]
	at java.util.concurrent.ForkJoinPool.scan(ForkJoinPool.java:1655) ~[?:?]
	at java.util.concurrent.ForkJoinPool.runWorker(ForkJoinPool.java:1622) ~[?:?]
	at java.util.concurrent.ForkJoinWorkerThread.run(ForkJoinWorkerThread.java:165) ~[?:?]
[27Feb2025 00:37:03.192] [Worker-Main-10/WARN] [net.minecraft.client.resources.model.ModelBakery/]: Exception loading blockstate definition: 'create_dd:blockstates/ponder_stone_generation.json' missing model for variant: 'create_dd:ponder_stone_generation#'
[27Feb2025 00:37:03.192] [Worker-Main-10/WARN] [net.minecraft.client.resources.model.ModelBakery/]: Exception loading blockstate definition: 'create_dd:blockstates/ponder_in_a_box.json' missing model for variant: 'create_dd:ponder_in_a_box#'
[27Feb2025 00:37:03.219] [Worker-Main-10/WARN] [net.minecraft.client.resources.model.ModelBakery/]: Exception loading blockstate definition: 'create_dd:blockstates/condense_milk.json' missing model for variant: 'create_dd:condense_milk#level=4'
[27Feb2025 00:37:03.219] [Worker-Main-10/WARN] [net.minecraft.client.resources.model.ModelBakery/]: Exception loading blockstate definition: 'create_dd:blockstates/condense_milk.json' missing model for variant: 'create_dd:condense_milk#level=3'
[27Feb2025 00:37:03.219] [Worker-Main-10/WARN] [net.minecraft.client.resources.model.ModelBakery/]: Exception loading blockstate definition: 'create_dd:blockstates/condense_milk.json' missing model for variant: 'create_dd:condense_milk#level=6'
[27Feb2025 00:37:03.219] [Worker-Main-10/WARN] [net.minecraft.client.resources.model.ModelBakery/]: Exception loading blockstate definition: 'create_dd:blockstates/condense_milk.json' missing model for variant: 'create_dd:condense_milk#level=5'
[27Feb2025 00:37:03.219] [Worker-Main-10/WARN] [net.minecraft.client.resources.model.ModelBakery/]: Exception loading blockstate definition: 'create_dd:blockstates/condense_milk.json' missing model for variant: 'create_dd:condense_milk#level=8'
[27Feb2025 00:37:03.219] [Worker-Main-10/WARN] [net.minecraft.client.resources.model.ModelBakery/]: Exception loading blockstate definition: 'create_dd:blockstates/condense_milk.json' missing model for variant: 'create_dd:condense_milk#level=7'
[27Feb2025 00:37:03.219] [Worker-Main-10/WARN] [net.minecraft.client.resources.model.ModelBakery/]: Exception loading blockstate definition: 'create_dd:blockstates/condense_milk.json' missing model for variant: 'create_dd:condense_milk#level=9'
[27Feb2025 00:37:03.219] [Worker-Main-10/WARN] [net.minecraft.client.resources.model.ModelBakery/]: Exception loading blockstate definition: 'create_dd:blockstates/condense_milk.json' missing model for variant: 'create_dd:condense_milk#level=13'
[27Feb2025 00:37:03.219] [Worker-Main-10/WARN] [net.minecraft.client.resources.model.ModelBakery/]: Exception loading blockstate definition: 'create_dd:blockstates/condense_milk.json' missing model for variant: 'create_dd:condense_milk#level=12'
[27Feb2025 00:37:03.219] [Worker-Main-10/WARN] [net.minecraft.client.resources.model.ModelBakery/]: Exception loading blockstate definition: 'create_dd:blockstates/condense_milk.json' missing model for variant: 'create_dd:condense_milk#level=15'
[27Feb2025 00:37:03.219] [Worker-Main-10/WARN] [net.minecraft.client.resources.model.ModelBakery/]: Exception loading blockstate definition: 'create_dd:blockstates/condense_milk.json' missing model for variant: 'create_dd:condense_milk#level=14'
[27Feb2025 00:37:03.219] [Worker-Main-10/WARN] [net.minecraft.client.resources.model.ModelBakery/]: Exception loading blockstate definition: 'create_dd:blockstates/condense_milk.json' missing model for variant: 'create_dd:condense_milk#level=11'
[27Feb2025 00:37:03.219] [Worker-Main-10/WARN] [net.minecraft.client.resources.model.ModelBakery/]: Exception loading blockstate definition: 'create_dd:blockstates/condense_milk.json' missing model for variant: 'create_dd:condense_milk#level=10'
[27Feb2025 00:37:03.219] [Worker-Main-10/WARN] [net.minecraft.client.resources.model.ModelBakery/]: Exception loading blockstate definition: 'create_dd:blockstates/condense_milk.json' missing model for variant: 'create_dd:condense_milk#level=0'
[27Feb2025 00:37:03.219] [Worker-Main-10/WARN] [net.minecraft.client.resources.model.ModelBakery/]: Exception loading blockstate definition: 'create_dd:blockstates/condense_milk.json' missing model for variant: 'create_dd:condense_milk#level=2'
[27Feb2025 00:37:03.219] [Worker-Main-10/WARN] [net.minecraft.client.resources.model.ModelBakery/]: Exception loading blockstate definition: 'create_dd:blockstates/condense_milk.json' missing model for variant: 'create_dd:condense_milk#level=1'
[27Feb2025 00:37:03.219] [Worker-Main-10/WARN] [net.minecraft.client.resources.model.ModelBakery/]: Exception loading blockstate definition: 'create_dd:blockstates/cream.json' missing model for variant: 'create_dd:cream#level=3'
[27Feb2025 00:37:03.219] [Worker-Main-10/WARN] [net.minecraft.client.resources.model.ModelBakery/]: Exception loading blockstate definition: 'create_dd:blockstates/cream.json' missing model for variant: 'create_dd:cream#level=2'
[27Feb2025 00:37:03.219] [Worker-Main-10/WARN] [net.minecraft.client.resources.model.ModelBakery/]: Exception loading blockstate definition: 'create_dd:blockstates/cream.json' missing model for variant: 'create_dd:cream#level=1'
[27Feb2025 00:37:03.219] [Worker-Main-10/WARN] [net.minecraft.client.resources.model.ModelBakery/]: Exception loading blockstate definition: 'create_dd:blockstates/cream.json' missing model for variant: 'create_dd:cream#level=0'
[27Feb2025 00:37:03.219] [Worker-Main-10/WARN] [net.minecraft.client.resources.model.ModelBakery/]: Exception loading blockstate definition: 'create_dd:blockstates/cream.json' missing model for variant: 'create_dd:cream#level=7'
[27Feb2025 00:37:03.219] [Worker-Main-10/WARN] [net.minecraft.client.resources.model.ModelBakery/]: Exception loading blockstate definition: 'create_dd:blockstates/cream.json' missing model for variant: 'create_dd:cream#level=6'
[27Feb2025 00:37:03.219] [Worker-Main-10/WARN] [net.minecraft.client.resources.model.ModelBakery/]: Exception loading blockstate definition: 'create_dd:blockstates/cream.json' missing model for variant: 'create_dd:cream#level=5'
[27Feb2025 00:37:03.219] [Worker-Main-10/WARN] [net.minecraft.client.resources.model.ModelBakery/]: Exception loading blockstate definition: 'create_dd:blockstates/cream.json' missing model for variant: 'create_dd:cream#level=4'
[27Feb2025 00:37:03.219] [Worker-Main-10/WARN] [net.minecraft.client.resources.model.ModelBakery/]: Exception loading blockstate definition: 'create_dd:blockstates/cream.json' missing model for variant: 'create_dd:cream#level=13'
[27Feb2025 00:37:03.219] [Worker-Main-10/WARN] [net.minecraft.client.resources.model.ModelBakery/]: Exception loading blockstate definition: 'create_dd:blockstates/cream.json' missing model for variant: 'create_dd:cream#level=14'
[27Feb2025 00:37:03.219] [Worker-Main-10/WARN] [net.minecraft.client.resources.model.ModelBakery/]: Exception loading blockstate definition: 'create_dd:blockstates/cream.json' missing model for variant: 'create_dd:cream#level=9'
[27Feb2025 00:37:03.219] [Worker-Main-10/WARN] [net.minecraft.client.resources.model.ModelBakery/]: Exception loading blockstate definition: 'create_dd:blockstates/cream.json' missing model for variant: 'create_dd:cream#level=15'
[27Feb2025 00:37:03.219] [Worker-Main-10/WARN] [net.minecraft.client.resources.model.ModelBakery/]: Exception loading blockstate definition: 'create_dd:blockstates/cream.json' missing model for variant: 'create_dd:cream#level=8'
[27Feb2025 00:37:03.219] [Worker-Main-10/WARN] [net.minecraft.client.resources.model.ModelBakery/]: Exception loading blockstate definition: 'create_dd:blockstates/cream.json' missing model for variant: 'create_dd:cream#level=10'
[27Feb2025 00:37:03.219] [Worker-Main-10/WARN] [net.minecraft.client.resources.model.ModelBakery/]: Exception loading blockstate definition: 'create_dd:blockstates/cream.json' missing model for variant: 'create_dd:cream#level=11'
[27Feb2025 00:37:03.219] [Worker-Main-10/WARN] [net.minecraft.client.resources.model.ModelBakery/]: Exception loading blockstate definition: 'create_dd:blockstates/cream.json' missing model for variant: 'create_dd:cream#level=12'
[27Feb2025 00:37:03.219] [Worker-Main-10/WARN] [net.minecraft.client.resources.model.ModelBakery/]: Exception loading blockstate definition: 'create_dd:blockstates/vanilla.json' missing model for variant: 'create_dd:vanilla#level=9'
[27Feb2025 00:37:03.219] [Worker-Main-10/WARN] [net.minecraft.client.resources.model.ModelBakery/]: Exception loading blockstate definition: 'create_dd:blockstates/vanilla.json' missing model for variant: 'create_dd:vanilla#level=5'
[27Feb2025 00:37:03.219] [Worker-Main-10/WARN] [net.minecraft.client.resources.model.ModelBakery/]: Exception loading blockstate definition: 'create_dd:blockstates/vanilla.json' missing model for variant: 'create_dd:vanilla#level=6'
[27Feb2025 00:37:03.219] [Worker-Main-10/WARN] [net.minecraft.client.resources.model.ModelBakery/]: Exception loading blockstate definition: 'create_dd:blockstates/vanilla.json' missing model for variant: 'create_dd:vanilla#level=7'
[27Feb2025 00:37:03.219] [Worker-Main-10/WARN] [net.minecraft.client.resources.model.ModelBakery/]: Exception loading blockstate definition: 'create_dd:blockstates/vanilla.json' missing model for variant: 'create_dd:vanilla#level=8'
[27Feb2025 00:37:03.219] [Worker-Main-10/WARN] [net.minecraft.client.resources.model.ModelBakery/]: Exception loading blockstate definition: 'create_dd:blockstates/vanilla.json' missing model for variant: 'create_dd:vanilla#level=1'
[27Feb2025 00:37:03.219] [Worker-Main-10/WARN] [net.minecraft.client.resources.model.ModelBakery/]: Exception loading blockstate definition: 'create_dd:blockstates/vanilla.json' missing model for variant: 'create_dd:vanilla#level=2'
[27Feb2025 00:37:03.219] [Worker-Main-10/WARN] [net.minecraft.client.resources.model.ModelBakery/]: Exception loading blockstate definition: 'create_dd:blockstates/vanilla.json' missing model for variant: 'create_dd:vanilla#level=3'
[27Feb2025 00:37:03.219] [Worker-Main-10/WARN] [net.minecraft.client.resources.model.ModelBakery/]: Exception loading blockstate definition: 'create_dd:blockstates/vanilla.json' missing model for variant: 'create_dd:vanilla#level=4'
[27Feb2025 00:37:03.219] [Worker-Main-10/WARN] [net.minecraft.client.resources.model.ModelBakery/]: Exception loading blockstate definition: 'create_dd:blockstates/vanilla.json' missing model for variant: 'create_dd:vanilla#level=15'
[27Feb2025 00:37:03.219] [Worker-Main-10/WARN] [net.minecraft.client.resources.model.ModelBakery/]: Exception loading blockstate definition: 'create_dd:blockstates/vanilla.json' missing model for variant: 'create_dd:vanilla#level=14'
[27Feb2025 00:37:03.219] [Worker-Main-10/WARN] [net.minecraft.client.resources.model.ModelBakery/]: Exception loading blockstate definition: 'create_dd:blockstates/vanilla.json' missing model for variant: 'create_dd:vanilla#level=0'
[27Feb2025 00:37:03.219] [Worker-Main-10/WARN] [net.minecraft.client.resources.model.ModelBakery/]: Exception loading blockstate definition: 'create_dd:blockstates/vanilla.json' missing model for variant: 'create_dd:vanilla#level=11'
[27Feb2025 00:37:03.219] [Worker-Main-10/WARN] [net.minecraft.client.resources.model.ModelBakery/]: Exception loading blockstate definition: 'create_dd:blockstates/vanilla.json' missing model for variant: 'create_dd:vanilla#level=10'
[27Feb2025 00:37:03.219] [Worker-Main-10/WARN] [net.minecraft.client.resources.model.ModelBakery/]: Exception loading blockstate definition: 'create_dd:blockstates/vanilla.json' missing model for variant: 'create_dd:vanilla#level=13'
[27Feb2025 00:37:03.219] [Worker-Main-10/WARN] [net.minecraft.client.resources.model.ModelBakery/]: Exception loading blockstate definition: 'create_dd:blockstates/vanilla.json' missing model for variant: 'create_dd:vanilla#level=12'
[27Feb2025 00:37:03.219] [Worker-Main-10/WARN] [net.minecraft.client.resources.model.ModelBakery/]: Exception loading blockstate definition: 'create_dd:blockstates/vanilla_milkshake.json' missing model for variant: 'create_dd:vanilla_milkshake#level=5'
[27Feb2025 00:37:03.219] [Worker-Main-10/WARN] [net.minecraft.client.resources.model.ModelBakery/]: Exception loading blockstate definition: 'create_dd:blockstates/vanilla_milkshake.json' missing model for variant: 'create_dd:vanilla_milkshake#level=6'
[27Feb2025 00:37:03.220] [Worker-Main-10/WARN] [net.minecraft.client.resources.model.ModelBakery/]: Exception loading blockstate definition: 'create_dd:blockstates/vanilla_milkshake.json' missing model for variant: 'create_dd:vanilla_milkshake#level=7'
[27Feb2025 00:37:03.220] [Worker-Main-10/WARN] [net.minecraft.client.resources.model.ModelBakery/]: Exception loading blockstate definition: 'create_dd:blockstates/vanilla_milkshake.json' missing model for variant: 'create_dd:vanilla_milkshake#level=8'
[27Feb2025 00:37:03.220] [Worker-Main-10/WARN] [net.minecraft.client.resources.model.ModelBakery/]: Exception loading blockstate definition: 'create_dd:blockstates/vanilla_milkshake.json' missing model for variant: 'create_dd:vanilla_milkshake#level=9'
[27Feb2025 00:37:03.220] [Worker-Main-10/WARN] [net.minecraft.client.resources.model.ModelBakery/]: Exception loading blockstate definition: 'create_dd:blockstates/vanilla_milkshake.json' missing model for variant: 'create_dd:vanilla_milkshake#level=0'
[27Feb2025 00:37:03.220] [Worker-Main-10/WARN] [net.minecraft.client.resources.model.ModelBakery/]: Exception loading blockstate definition: 'create_dd:blockstates/vanilla_milkshake.json' missing model for variant: 'create_dd:vanilla_milkshake#level=1'
[27Feb2025 00:37:03.220] [Worker-Main-10/WARN] [net.minecraft.client.resources.model.ModelBakery/]: Exception loading blockstate definition: 'create_dd:blockstates/vanilla_milkshake.json' missing model for variant: 'create_dd:vanilla_milkshake#level=2'
[27Feb2025 00:37:03.220] [Worker-Main-10/WARN] [net.minecraft.client.resources.model.ModelBakery/]: Exception loading blockstate definition: 'create_dd:blockstates/vanilla_milkshake.json' missing model for variant: 'create_dd:vanilla_milkshake#level=3'
[27Feb2025 00:37:03.220] [Worker-Main-10/WARN] [net.minecraft.client.resources.model.ModelBakery/]: Exception loading blockstate definition: 'create_dd:blockstates/vanilla_milkshake.json' missing model for variant: 'create_dd:vanilla_milkshake#level=4'
[27Feb2025 00:37:03.220] [Worker-Main-10/WARN] [net.minecraft.client.resources.model.ModelBakery/]: Exception loading blockstate definition: 'create_dd:blockstates/vanilla_milkshake.json' missing model for variant: 'create_dd:vanilla_milkshake#level=10'
[27Feb2025 00:37:03.220] [Worker-Main-10/WARN] [net.minecraft.client.resources.model.ModelBakery/]: Exception loading blockstate definition: 'create_dd:blockstates/vanilla_milkshake.json' missing model for variant: 'create_dd:vanilla_milkshake#level=11'
[27Feb2025 00:37:03.220] [Worker-Main-10/WARN] [net.minecraft.client.resources.model.ModelBakery/]: Exception loading blockstate definition: 'create_dd:blockstates/vanilla_milkshake.json' missing model for variant: 'create_dd:vanilla_milkshake#level=12'
[27Feb2025 00:37:03.220] [Worker-Main-10/WARN] [net.minecraft.client.resources.model.ModelBakery/]: Exception loading blockstate definition: 'create_dd:blockstates/vanilla_milkshake.json' missing model for variant: 'create_dd:vanilla_milkshake#level=13'
[27Feb2025 00:37:03.220] [Worker-Main-10/WARN] [net.minecraft.client.resources.model.ModelBakery/]: Exception loading blockstate definition: 'create_dd:blockstates/vanilla_milkshake.json' missing model for variant: 'create_dd:vanilla_milkshake#level=14'
[27Feb2025 00:37:03.220] [Worker-Main-10/WARN] [net.minecraft.client.resources.model.ModelBakery/]: Exception loading blockstate definition: 'create_dd:blockstates/vanilla_milkshake.json' missing model for variant: 'create_dd:vanilla_milkshake#level=15'
[27Feb2025 00:37:03.220] [Worker-Main-10/WARN] [net.minecraft.client.resources.model.ModelBakery/]: Exception loading blockstate definition: 'create_dd:blockstates/strawberry.json' missing model for variant: 'create_dd:strawberry#level=0'
[27Feb2025 00:37:03.220] [Worker-Main-10/WARN] [net.minecraft.client.resources.model.ModelBakery/]: Exception loading blockstate definition: 'create_dd:blockstates/strawberry.json' missing model for variant: 'create_dd:strawberry#level=14'
[27Feb2025 00:37:03.220] [Worker-Main-10/WARN] [net.minecraft.client.resources.model.ModelBakery/]: Exception loading blockstate definition: 'create_dd:blockstates/strawberry.json' missing model for variant: 'create_dd:strawberry#level=15'
[27Feb2025 00:37:03.220] [Worker-Main-10/WARN] [net.minecraft.client.resources.model.ModelBakery/]: Exception loading blockstate definition: 'create_dd:blockstates/strawberry.json' missing model for variant: 'create_dd:strawberry#level=3'
[27Feb2025 00:37:03.220] [Worker-Main-10/WARN] [net.minecraft.client.resources.model.ModelBakery/]: Exception loading blockstate definition: 'create_dd:blockstates/strawberry.json' missing model for variant: 'create_dd:strawberry#level=4'
[27Feb2025 00:37:03.220] [Worker-Main-10/WARN] [net.minecraft.client.resources.model.ModelBakery/]: Exception loading blockstate definition: 'create_dd:blockstates/strawberry.json' missing model for variant: 'create_dd:strawberry#level=1'
[27Feb2025 00:37:03.220] [Worker-Main-10/WARN] [net.minecraft.client.resources.model.ModelBakery/]: Exception loading blockstate definition: 'create_dd:blockstates/strawberry.json' missing model for variant: 'create_dd:strawberry#level=2'
[27Feb2025 00:37:03.220] [Worker-Main-10/WARN] [net.minecraft.client.resources.model.ModelBakery/]: Exception loading blockstate definition: 'create_dd:blockstates/strawberry.json' missing model for variant: 'create_dd:strawberry#level=7'
[27Feb2025 00:37:03.220] [Worker-Main-10/WARN] [net.minecraft.client.resources.model.ModelBakery/]: Exception loading blockstate definition: 'create_dd:blockstates/strawberry.json' missing model for variant: 'create_dd:strawberry#level=8'
[27Feb2025 00:37:03.220] [Worker-Main-10/WARN] [net.minecraft.client.resources.model.ModelBakery/]: Exception loading blockstate definition: 'create_dd:blockstates/strawberry.json' missing model for variant: 'create_dd:strawberry#level=5'
[27Feb2025 00:37:03.220] [Worker-Main-10/WARN] [net.minecraft.client.resources.model.ModelBakery/]: Exception loading blockstate definition: 'create_dd:blockstates/strawberry.json' missing model for variant: 'create_dd:strawberry#level=6'
[27Feb2025 00:37:03.220] [Worker-Main-10/WARN] [net.minecraft.client.resources.model.ModelBakery/]: Exception loading blockstate definition: 'create_dd:blockstates/strawberry.json' missing model for variant: 'create_dd:strawberry#level=12'
[27Feb2025 00:37:03.220] [Worker-Main-10/WARN] [net.minecraft.client.resources.model.ModelBakery/]: Exception loading blockstate definition: 'create_dd:blockstates/strawberry.json' missing model for variant: 'create_dd:strawberry#level=13'
[27Feb2025 00:37:03.220] [Worker-Main-10/WARN] [net.minecraft.client.resources.model.ModelBakery/]: Exception loading blockstate definition: 'create_dd:blockstates/strawberry.json' missing model for variant: 'create_dd:strawberry#level=9'
[27Feb2025 00:37:03.220] [Worker-Main-10/WARN] [net.minecraft.client.resources.model.ModelBakery/]: Exception loading blockstate definition: 'create_dd:blockstates/strawberry.json' missing model for variant: 'create_dd:strawberry#level=10'
[27Feb2025 00:37:03.220] [Worker-Main-10/WARN] [net.minecraft.client.resources.model.ModelBakery/]: Exception loading blockstate definition: 'create_dd:blockstates/strawberry.json' missing model for variant: 'create_dd:strawberry#level=11'
[27Feb2025 00:37:03.220] [Worker-Main-10/WARN] [net.minecraft.client.resources.model.ModelBakery/]: Exception loading blockstate definition: 'create_dd:blockstates/strawberry_milkshake.json' missing model for variant: 'create_dd:strawberry_milkshake#level=9'
[27Feb2025 00:37:03.220] [Worker-Main-10/WARN] [net.minecraft.client.resources.model.ModelBakery/]: Exception loading blockstate definition: 'create_dd:blockstates/strawberry_milkshake.json' missing model for variant: 'create_dd:strawberry_milkshake#level=5'
[27Feb2025 00:37:03.220] [Worker-Main-10/WARN] [net.minecraft.client.resources.model.ModelBakery/]: Exception loading blockstate definition: 'create_dd:blockstates/strawberry_milkshake.json' missing model for variant: 'create_dd:strawberry_milkshake#level=6'
[27Feb2025 00:37:03.220] [Worker-Main-10/WARN] [net.minecraft.client.resources.model.ModelBakery/]: Exception loading blockstate definition: 'create_dd:blockstates/strawberry_milkshake.json' missing model for variant: 'create_dd:strawberry_milkshake#level=7'
[27Feb2025 00:37:03.220] [Worker-Main-10/WARN] [net.minecraft.client.resources.model.ModelBakery/]: Exception loading blockstate definition: 'create_dd:blockstates/strawberry_milkshake.json' missing model for variant: 'create_dd:strawberry_milkshake#level=8'
[27Feb2025 00:37:03.220] [Worker-Main-10/WARN] [net.minecraft.client.resources.model.ModelBakery/]: Exception loading blockstate definition: 'create_dd:blockstates/strawberry_milkshake.json' missing model for variant: 'create_dd:strawberry_milkshake#level=1'
[27Feb2025 00:37:03.220] [Worker-Main-10/WARN] [net.minecraft.client.resources.model.ModelBakery/]: Exception loading blockstate definition: 'create_dd:blockstates/strawberry_milkshake.json' missing model for variant: 'create_dd:strawberry_milkshake#level=2'
[27Feb2025 00:37:03.220] [Worker-Main-10/WARN] [net.minecraft.client.resources.model.ModelBakery/]: Exception loading blockstate definition: 'create_dd:blockstates/strawberry_milkshake.json' missing model for variant: 'create_dd:strawberry_milkshake#level=3'
[27Feb2025 00:37:03.220] [Worker-Main-10/WARN] [net.minecraft.client.resources.model.ModelBakery/]: Exception loading blockstate definition: 'create_dd:blockstates/strawberry_milkshake.json' missing model for variant: 'create_dd:strawberry_milkshake#level=4'
[27Feb2025 00:37:03.220] [Worker-Main-10/WARN] [net.minecraft.client.resources.model.ModelBakery/]: Exception loading blockstate definition: 'create_dd:blockstates/strawberry_milkshake.json' missing model for variant: 'create_dd:strawberry_milkshake#level=15'
[27Feb2025 00:37:03.220] [Worker-Main-10/WARN] [net.minecraft.client.resources.model.ModelBakery/]: Exception loading blockstate definition: 'create_dd:blockstates/strawberry_milkshake.json' missing model for variant: 'create_dd:strawberry_milkshake#level=14'
[27Feb2025 00:37:03.220] [Worker-Main-10/WARN] [net.minecraft.client.resources.model.ModelBakery/]: Exception loading blockstate definition: 'create_dd:blockstates/strawberry_milkshake.json' missing model for variant: 'create_dd:strawberry_milkshake#level=0'
[27Feb2025 00:37:03.220] [Worker-Main-10/WARN] [net.minecraft.client.resources.model.ModelBakery/]: Exception loading blockstate definition: 'create_dd:blockstates/strawberry_milkshake.json' missing model for variant: 'create_dd:strawberry_milkshake#level=11'
[27Feb2025 00:37:03.220] [Worker-Main-10/WARN] [net.minecraft.client.resources.model.ModelBakery/]: Exception loading blockstate definition: 'create_dd:blockstates/strawberry_milkshake.json' missing model for variant: 'create_dd:strawberry_milkshake#level=10'
[27Feb2025 00:37:03.220] [Worker-Main-10/WARN] [net.minecraft.client.resources.model.ModelBakery/]: Exception loading blockstate definition: 'create_dd:blockstates/strawberry_milkshake.json' missing model for variant: 'create_dd:strawberry_milkshake#level=13'
[27Feb2025 00:37:03.220] [Worker-Main-10/WARN] [net.minecraft.client.resources.model.ModelBakery/]: Exception loading blockstate definition: 'create_dd:blockstates/strawberry_milkshake.json' missing model for variant: 'create_dd:strawberry_milkshake#level=12'
[27Feb2025 00:37:03.220] [Worker-Main-10/WARN] [net.minecraft.client.resources.model.ModelBakery/]: Exception loading blockstate definition: 'create_dd:blockstates/glowberry.json' missing model for variant: 'create_dd:glowberry#level=11'
[27Feb2025 00:37:03.220] [Worker-Main-10/WARN] [net.minecraft.client.resources.model.ModelBakery/]: Exception loading blockstate definition: 'create_dd:blockstates/glowberry.json' missing model for variant: 'create_dd:glowberry#level=10'
[27Feb2025 00:37:03.220] [Worker-Main-10/WARN] [net.minecraft.client.resources.model.ModelBakery/]: Exception loading blockstate definition: 'create_dd:blockstates/glowberry.json' missing model for variant: 'create_dd:glowberry#level=13'
[27Feb2025 00:37:03.220] [Worker-Main-10/WARN] [net.minecraft.client.resources.model.ModelBakery/]: Exception loading blockstate definition: 'create_dd:blockstates/glowberry.json' missing model for variant: 'create_dd:glowberry#level=12'
[27Feb2025 00:37:03.220] [Worker-Main-10/WARN] [net.minecraft.client.resources.model.ModelBakery/]: Exception loading blockstate definition: 'create_dd:blockstates/glowberry.json' missing model for variant: 'create_dd:glowberry#level=15'
[27Feb2025 00:37:03.220] [Worker-Main-10/WARN] [net.minecraft.client.resources.model.ModelBakery/]: Exception loading blockstate definition: 'create_dd:blockstates/glowberry.json' missing model for variant: 'create_dd:glowberry#level=14'
[27Feb2025 00:37:03.220] [Worker-Main-10/WARN] [net.minecraft.client.resources.model.ModelBakery/]: Exception loading blockstate definition: 'create_dd:blockstates/glowberry.json' missing model for variant: 'create_dd:glowberry#level=8'
[27Feb2025 00:37:03.220] [Worker-Main-10/WARN] [net.minecraft.client.resources.model.ModelBakery/]: Exception loading blockstate definition: 'create_dd:blockstates/glowberry.json' missing model for variant: 'create_dd:glowberry#level=7'
[27Feb2025 00:37:03.220] [Worker-Main-10/WARN] [net.minecraft.client.resources.model.ModelBakery/]: Exception loading blockstate definition: 'create_dd:blockstates/glowberry.json' missing model for variant: 'create_dd:glowberry#level=9'
[27Feb2025 00:37:03.220] [Worker-Main-10/WARN] [net.minecraft.client.resources.model.ModelBakery/]: Exception loading blockstate definition: 'create_dd:blockstates/glowberry.json' missing model for variant: 'create_dd:glowberry#level=0'
[27Feb2025 00:37:03.220] [Worker-Main-10/WARN] [net.minecraft.client.resources.model.ModelBakery/]: Exception loading blockstate definition: 'create_dd:blockstates/glowberry.json' missing model for variant: 'create_dd:glowberry#level=2'
[27Feb2025 00:37:03.220] [Worker-Main-10/WARN] [net.minecraft.client.resources.model.ModelBakery/]: Exception loading blockstate definition: 'create_dd:blockstates/glowberry.json' missing model for variant: 'create_dd:glowberry#level=1'
[27Feb2025 00:37:03.220] [Worker-Main-10/WARN] [net.minecraft.client.resources.model.ModelBakery/]: Exception loading blockstate definition: 'create_dd:blockstates/glowberry.json' missing model for variant: 'create_dd:glowberry#level=4'
[27Feb2025 00:37:03.220] [Worker-Main-10/WARN] [net.minecraft.client.resources.model.ModelBakery/]: Exception loading blockstate definition: 'create_dd:blockstates/glowberry.json' missing model for variant: 'create_dd:glowberry#level=3'
[27Feb2025 00:37:03.220] [Worker-Main-10/WARN] [net.minecraft.client.resources.model.ModelBakery/]: Exception loading blockstate definition: 'create_dd:blockstates/glowberry.json' missing model for variant: 'create_dd:glowberry#level=6'
[27Feb2025 00:37:03.220] [Worker-Main-10/WARN] [net.minecraft.client.resources.model.ModelBakery/]: Exception loading blockstate definition: 'create_dd:blockstates/glowberry.json' missing model for variant: 'create_dd:glowberry#level=5'
[27Feb2025 00:37:03.220] [Worker-Main-10/WARN] [net.minecraft.client.resources.model.ModelBakery/]: Exception loading blockstate definition: 'create_dd:blockstates/glowberry_milkshake.json' missing model for variant: 'create_dd:glowberry_milkshake#level=11'
[27Feb2025 00:37:03.220] [Worker-Main-10/WARN] [net.minecraft.client.resources.model.ModelBakery/]: Exception loading blockstate definition: 'create_dd:blockstates/glowberry_milkshake.json' missing model for variant: 'create_dd:glowberry_milkshake#level=10'
[27Feb2025 00:37:03.220] [Worker-Main-10/WARN] [net.minecraft.client.resources.model.ModelBakery/]: Exception loading blockstate definition: 'create_dd:blockstates/glowberry_milkshake.json' missing model for variant: 'create_dd:glowberry_milkshake#level=15'
[27Feb2025 00:37:03.220] [Worker-Main-10/WARN] [net.minecraft.client.resources.model.ModelBakery/]: Exception loading blockstate definition: 'create_dd:blockstates/glowberry_milkshake.json' missing model for variant: 'create_dd:glowberry_milkshake#level=14'
[27Feb2025 00:37:03.220] [Worker-Main-10/WARN] [net.minecraft.client.resources.model.ModelBakery/]: Exception loading blockstate definition: 'create_dd:blockstates/glowberry_milkshake.json' missing model for variant: 'create_dd:glowberry_milkshake#level=13'
[27Feb2025 00:37:03.220] [Worker-Main-10/WARN] [net.minecraft.client.resources.model.ModelBakery/]: Exception loading blockstate definition: 'create_dd:blockstates/glowberry_milkshake.json' missing model for variant: 'create_dd:glowberry_milkshake#level=12'
[27Feb2025 00:37:03.220] [Worker-Main-10/WARN] [net.minecraft.client.resources.model.ModelBakery/]: Exception loading blockstate definition: 'create_dd:blockstates/glowberry_milkshake.json' missing model for variant: 'create_dd:glowberry_milkshake#level=5'
[27Feb2025 00:37:03.220] [Worker-Main-10/WARN] [net.minecraft.client.resources.model.ModelBakery/]: Exception loading blockstate definition: 'create_dd:blockstates/glowberry_milkshake.json' missing model for variant: 'create_dd:glowberry_milkshake#level=6'
[27Feb2025 00:37:03.220] [Worker-Main-10/WARN] [net.minecraft.client.resources.model.ModelBakery/]: Exception loading blockstate definition: 'create_dd:blockstates/glowberry_milkshake.json' missing model for variant: 'create_dd:glowberry_milkshake#level=3'
[27Feb2025 00:37:03.220] [Worker-Main-10/WARN] [net.minecraft.client.resources.model.ModelBakery/]: Exception loading blockstate definition: 'create_dd:blockstates/glowberry_milkshake.json' missing model for variant: 'create_dd:glowberry_milkshake#level=4'
[27Feb2025 00:37:03.220] [Worker-Main-10/WARN] [net.minecraft.client.resources.model.ModelBakery/]: Exception loading blockstate definition: 'create_dd:blockstates/glowberry_milkshake.json' missing model for variant: 'create_dd:glowberry_milkshake#level=9'
[27Feb2025 00:37:03.220] [Worker-Main-10/WARN] [net.minecraft.client.resources.model.ModelBakery/]: Exception loading blockstate definition: 'create_dd:blockstates/glowberry_milkshake.json' missing model for variant: 'create_dd:glowberry_milkshake#level=7'
[27Feb2025 00:37:03.220] [Worker-Main-10/WARN] [net.minecraft.client.resources.model.ModelBakery/]: Exception loading blockstate definition: 'create_dd:blockstates/glowberry_milkshake.json' missing model for variant: 'create_dd:glowberry_milkshake#level=8'
[27Feb2025 00:37:03.220] [Worker-Main-10/WARN] [net.minecraft.client.resources.model.ModelBakery/]: Exception loading blockstate definition: 'create_dd:blockstates/glowberry_milkshake.json' missing model for variant: 'create_dd:glowberry_milkshake#level=1'
[27Feb2025 00:37:03.220] [Worker-Main-10/WARN] [net.minecraft.client.resources.model.ModelBakery/]: Exception loading blockstate definition: 'create_dd:blockstates/glowberry_milkshake.json' missing model for variant: 'create_dd:glowberry_milkshake#level=2'
[27Feb2025 00:37:03.220] [Worker-Main-10/WARN] [net.minecraft.client.resources.model.ModelBakery/]: Exception loading blockstate definition: 'create_dd:blockstates/glowberry_milkshake.json' missing model for variant: 'create_dd:glowberry_milkshake#level=0'
[27Feb2025 00:37:03.220] [Worker-Main-10/WARN] [net.minecraft.client.resources.model.ModelBakery/]: Exception loading blockstate definition: 'create_dd:blockstates/caramel.json' missing model for variant: 'create_dd:caramel#level=6'
[27Feb2025 00:37:03.220] [Worker-Main-10/WARN] [net.minecraft.client.resources.model.ModelBakery/]: Exception loading blockstate definition: 'create_dd:blockstates/caramel.json' missing model for variant: 'create_dd:caramel#level=5'
[27Feb2025 00:37:03.220] [Worker-Main-10/WARN] [net.minecraft.client.resources.model.ModelBakery/]: Exception loading blockstate definition: 'create_dd:blockstates/caramel.json' missing model for variant: 'create_dd:caramel#level=8'
[27Feb2025 00:37:03.222] [Worker-Main-10/WARN] [net.minecraft.client.resources.model.ModelBakery/]: Exception loading blockstate definition: 'create_dd:blockstates/caramel.json' missing model for variant: 'create_dd:caramel#level=7'
[27Feb2025 00:37:03.222] [Worker-Main-10/WARN] [net.minecraft.client.resources.model.ModelBakery/]: Exception loading blockstate definition: 'create_dd:blockstates/caramel.json' missing model for variant: 'create_dd:caramel#level=9'
[27Feb2025 00:37:03.222] [Worker-Main-10/WARN] [net.minecraft.client.resources.model.ModelBakery/]: Exception loading blockstate definition: 'create_dd:blockstates/caramel.json' missing model for variant: 'create_dd:caramel#level=0'
[27Feb2025 00:37:03.222] [Worker-Main-10/WARN] [net.minecraft.client.resources.model.ModelBakery/]: Exception loading blockstate definition: 'create_dd:blockstates/caramel.json' missing model for variant: 'create_dd:caramel#level=2'
[27Feb2025 00:37:03.222] [Worker-Main-10/WARN] [net.minecraft.client.resources.model.ModelBakery/]: Exception loading blockstate definition: 'create_dd:blockstates/caramel.json' missing model for variant: 'create_dd:caramel#level=1'
[27Feb2025 00:37:03.222] [Worker-Main-10/WARN] [net.minecraft.client.resources.model.ModelBakery/]: Exception loading blockstate definition: 'create_dd:blockstates/caramel.json' missing model for variant: 'create_dd:caramel#level=4'
[27Feb2025 00:37:03.222] [Worker-Main-10/WARN] [net.minecraft.client.resources.model.ModelBakery/]: Exception loading blockstate definition: 'create_dd:blockstates/caramel.json' missing model for variant: 'create_dd:caramel#level=3'
[27Feb2025 00:37:03.222] [Worker-Main-10/WARN] [net.minecraft.client.resources.model.ModelBakery/]: Exception loading blockstate definition: 'create_dd:blockstates/caramel.json' missing model for variant: 'create_dd:caramel#level=11'
[27Feb2025 00:37:03.222] [Worker-Main-10/WARN] [net.minecraft.client.resources.model.ModelBakery/]: Exception loading blockstate definition: 'create_dd:blockstates/caramel.json' missing model for variant: 'create_dd:caramel#level=10'
[27Feb2025 00:37:03.222] [Worker-Main-10/WARN] [net.minecraft.client.resources.model.ModelBakery/]: Exception loading blockstate definition: 'create_dd:blockstates/caramel.json' missing model for variant: 'create_dd:caramel#level=13'
[27Feb2025 00:37:03.222] [Worker-Main-10/WARN] [net.minecraft.client.resources.model.ModelBakery/]: Exception loading blockstate definition: 'create_dd:blockstates/caramel.json' missing model for variant: 'create_dd:caramel#level=12'
[27Feb2025 00:37:03.222] [Worker-Main-10/WARN] [net.minecraft.client.resources.model.ModelBakery/]: Exception loading blockstate definition: 'create_dd:blockstates/caramel.json' missing model for variant: 'create_dd:caramel#level=15'
[27Feb2025 00:37:03.222] [Worker-Main-10/WARN] [net.minecraft.client.resources.model.ModelBakery/]: Exception loading blockstate definition: 'create_dd:blockstates/caramel.json' missing model for variant: 'create_dd:caramel#level=14'
[27Feb2025 00:37:03.222] [Worker-Main-10/WARN] [net.minecraft.client.resources.model.ModelBakery/]: Exception loading blockstate definition: 'create_dd:blockstates/caramel_milkshake.json' missing model for variant: 'create_dd:caramel_milkshake#level=13'
[27Feb2025 00:37:03.222] [Worker-Main-10/WARN] [net.minecraft.client.resources.model.ModelBakery/]: Exception loading blockstate definition: 'create_dd:blockstates/caramel_milkshake.json' missing model for variant: 'create_dd:caramel_milkshake#level=12'
[27Feb2025 00:37:03.222] [Worker-Main-10/WARN] [net.minecraft.client.resources.model.ModelBakery/]: Exception loading blockstate definition: 'create_dd:blockstates/caramel_milkshake.json' missing model for variant: 'create_dd:caramel_milkshake#level=11'
[27Feb2025 00:37:03.222] [Worker-Main-10/WARN] [net.minecraft.client.resources.model.ModelBakery/]: Exception loading blockstate definition: 'create_dd:blockstates/caramel_milkshake.json' missing model for variant: 'create_dd:caramel_milkshake#level=9'
[27Feb2025 00:37:03.222] [Worker-Main-10/WARN] [net.minecraft.client.resources.model.ModelBakery/]: Exception loading blockstate definition: 'create_dd:blockstates/caramel_milkshake.json' missing model for variant: 'create_dd:caramel_milkshake#level=10'
[27Feb2025 00:37:03.222] [Worker-Main-10/WARN] [net.minecraft.client.resources.model.ModelBakery/]: Exception loading blockstate definition: 'create_dd:blockstates/caramel_milkshake.json' missing model for variant: 'create_dd:caramel_milkshake#level=15'
[27Feb2025 00:37:03.222] [Worker-Main-10/WARN] [net.minecraft.client.resources.model.ModelBakery/]: Exception loading blockstate definition: 'create_dd:blockstates/caramel_milkshake.json' missing model for variant: 'create_dd:caramel_milkshake#level=14'
[27Feb2025 00:37:03.222] [Worker-Main-10/WARN] [net.minecraft.client.resources.model.ModelBakery/]: Exception loading blockstate definition: 'create_dd:blockstates/caramel_milkshake.json' missing model for variant: 'create_dd:caramel_milkshake#level=4'
[27Feb2025 00:37:03.222] [Worker-Main-10/WARN] [net.minecraft.client.resources.model.ModelBakery/]: Exception loading blockstate definition: 'create_dd:blockstates/caramel_milkshake.json' missing model for variant: 'create_dd:caramel_milkshake#level=3'
[27Feb2025 00:37:03.222] [Worker-Main-10/WARN] [net.minecraft.client.resources.model.ModelBakery/]: Exception loading blockstate definition: 'create_dd:blockstates/caramel_milkshake.json' missing model for variant: 'create_dd:caramel_milkshake#level=2'
[27Feb2025 00:37:03.222] [Worker-Main-10/WARN] [net.minecraft.client.resources.model.ModelBakery/]: Exception loading blockstate definition: 'create_dd:blockstates/caramel_milkshake.json' missing model for variant: 'create_dd:caramel_milkshake#level=1'
[27Feb2025 00:37:03.222] [Worker-Main-10/WARN] [net.minecraft.client.resources.model.ModelBakery/]: Exception loading blockstate definition: 'create_dd:blockstates/caramel_milkshake.json' missing model for variant: 'create_dd:caramel_milkshake#level=8'
[27Feb2025 00:37:03.222] [Worker-Main-10/WARN] [net.minecraft.client.resources.model.ModelBakery/]: Exception loading blockstate definition: 'create_dd:blockstates/caramel_milkshake.json' missing model for variant: 'create_dd:caramel_milkshake#level=7'
[27Feb2025 00:37:03.222] [Worker-Main-10/WARN] [net.minecraft.client.resources.model.ModelBakery/]: Exception loading blockstate definition: 'create_dd:blockstates/caramel_milkshake.json' missing model for variant: 'create_dd:caramel_milkshake#level=6'
[27Feb2025 00:37:03.222] [Worker-Main-10/WARN] [net.minecraft.client.resources.model.ModelBakery/]: Exception loading blockstate definition: 'create_dd:blockstates/caramel_milkshake.json' missing model for variant: 'create_dd:caramel_milkshake#level=5'
[27Feb2025 00:37:03.222] [Worker-Main-10/WARN] [net.minecraft.client.resources.model.ModelBakery/]: Exception loading blockstate definition: 'create_dd:blockstates/caramel_milkshake.json' missing model for variant: 'create_dd:caramel_milkshake#level=0'
[27Feb2025 00:37:03.222] [Worker-Main-10/WARN] [net.minecraft.client.resources.model.ModelBakery/]: Exception loading blockstate definition: 'create_dd:blockstates/hot_chocolate.json' missing model for variant: 'create_dd:hot_chocolate#level=5'
[27Feb2025 00:37:03.222] [Worker-Main-10/WARN] [net.minecraft.client.resources.model.ModelBakery/]: Exception loading blockstate definition: 'create_dd:blockstates/hot_chocolate.json' missing model for variant: 'create_dd:hot_chocolate#level=4'
[27Feb2025 00:37:03.222] [Worker-Main-10/WARN] [net.minecraft.client.resources.model.ModelBakery/]: Exception loading blockstate definition: 'create_dd:blockstates/hot_chocolate.json' missing model for variant: 'create_dd:hot_chocolate#level=7'
[27Feb2025 00:37:03.222] [Worker-Main-10/WARN] [net.minecraft.client.resources.model.ModelBakery/]: Exception loading blockstate definition: 'create_dd:blockstates/hot_chocolate.json' missing model for variant: 'create_dd:hot_chocolate#level=6'
[27Feb2025 00:37:03.222] [Worker-Main-10/WARN] [net.minecraft.client.resources.model.ModelBakery/]: Exception loading blockstate definition: 'create_dd:blockstates/hot_chocolate.json' missing model for variant: 'create_dd:hot_chocolate#level=1'
[27Feb2025 00:37:03.222] [Worker-Main-10/WARN] [net.minecraft.client.resources.model.ModelBakery/]: Exception loading blockstate definition: 'create_dd:blockstates/hot_chocolate.json' missing model for variant: 'create_dd:hot_chocolate#level=0'
[27Feb2025 00:37:03.222] [Worker-Main-10/WARN] [net.minecraft.client.resources.model.ModelBakery/]: Exception loading blockstate definition: 'create_dd:blockstates/hot_chocolate.json' missing model for variant: 'create_dd:hot_chocolate#level=3'
[27Feb2025 00:37:03.222] [Worker-Main-10/WARN] [net.minecraft.client.resources.model.ModelBakery/]: Exception loading blockstate definition: 'create_dd:blockstates/hot_chocolate.json' missing model for variant: 'create_dd:hot_chocolate#level=2'
[27Feb2025 00:37:03.222] [Worker-Main-10/WARN] [net.minecraft.client.resources.model.ModelBakery/]: Exception loading blockstate definition: 'create_dd:blockstates/hot_chocolate.json' missing model for variant: 'create_dd:hot_chocolate#level=15'
[27Feb2025 00:37:03.222] [Worker-Main-10/WARN] [net.minecraft.client.resources.model.ModelBakery/]: Exception loading blockstate definition: 'create_dd:blockstates/hot_chocolate.json' missing model for variant: 'create_dd:hot_chocolate#level=13'
[27Feb2025 00:37:03.222] [Worker-Main-10/WARN] [net.minecraft.client.resources.model.ModelBakery/]: Exception loading blockstate definition: 'create_dd:blockstates/hot_chocolate.json' missing model for variant: 'create_dd:hot_chocolate#level=14'
[27Feb2025 00:37:03.222] [Worker-Main-10/WARN] [net.minecraft.client.resources.model.ModelBakery/]: Exception loading blockstate definition: 'create_dd:blockstates/hot_chocolate.json' missing model for variant: 'create_dd:hot_chocolate#level=9'
[27Feb2025 00:37:03.222] [Worker-Main-10/WARN] [net.minecraft.client.resources.model.ModelBakery/]: Exception loading blockstate definition: 'create_dd:blockstates/hot_chocolate.json' missing model for variant: 'create_dd:hot_chocolate#level=11'
[27Feb2025 00:37:03.222] [Worker-Main-10/WARN] [net.minecraft.client.resources.model.ModelBakery/]: Exception loading blockstate definition: 'create_dd:blockstates/hot_chocolate.json' missing model for variant: 'create_dd:hot_chocolate#level=8'
[27Feb2025 00:37:03.222] [Worker-Main-10/WARN] [net.minecraft.client.resources.model.ModelBakery/]: Exception loading blockstate definition: 'create_dd:blockstates/hot_chocolate.json' missing model for variant: 'create_dd:hot_chocolate#level=12'
[27Feb2025 00:37:03.222] [Worker-Main-10/WARN] [net.minecraft.client.resources.model.ModelBakery/]: Exception loading blockstate definition: 'create_dd:blockstates/hot_chocolate.json' missing model for variant: 'create_dd:hot_chocolate#level=10'
[27Feb2025 00:37:03.222] [Worker-Main-10/WARN] [net.minecraft.client.resources.model.ModelBakery/]: Exception loading blockstate definition: 'create_dd:blockstates/chocolate_milkshake.json' missing model for variant: 'create_dd:chocolate_milkshake#level=5'
[27Feb2025 00:37:03.222] [Worker-Main-10/WARN] [net.minecraft.client.resources.model.ModelBakery/]: Exception loading blockstate definition: 'create_dd:blockstates/chocolate_milkshake.json' missing model for variant: 'create_dd:chocolate_milkshake#level=4'
[27Feb2025 00:37:03.222] [Worker-Main-10/WARN] [net.minecraft.client.resources.model.ModelBakery/]: Exception loading blockstate definition: 'create_dd:blockstates/chocolate_milkshake.json' missing model for variant: 'create_dd:chocolate_milkshake#level=3'
[27Feb2025 00:37:03.222] [Worker-Main-10/WARN] [net.minecraft.client.resources.model.ModelBakery/]: Exception loading blockstate definition: 'create_dd:blockstates/chocolate_milkshake.json' missing model for variant: 'create_dd:chocolate_milkshake#level=2'
[27Feb2025 00:37:03.222] [Worker-Main-10/WARN] [net.minecraft.client.resources.model.ModelBakery/]: Exception loading blockstate definition: 'create_dd:blockstates/chocolate_milkshake.json' missing model for variant: 'create_dd:chocolate_milkshake#level=1'
[27Feb2025 00:37:03.222] [Worker-Main-10/WARN] [net.minecraft.client.resources.model.ModelBakery/]: Exception loading blockstate definition: 'create_dd:blockstates/chocolate_milkshake.json' missing model for variant: 'create_dd:chocolate_milkshake#level=0'
[27Feb2025 00:37:03.222] [Worker-Main-10/WARN] [net.minecraft.client.resources.model.ModelBakery/]: Exception loading blockstate definition: 'create_dd:blockstates/chocolate_milkshake.json' missing model for variant: 'create_dd:chocolate_milkshake#level=9'
[27Feb2025 00:37:03.222] [Worker-Main-10/WARN] [net.minecraft.client.resources.model.ModelBakery/]: Exception loading blockstate definition: 'create_dd:blockstates/chocolate_milkshake.json' missing model for variant: 'create_dd:chocolate_milkshake#level=8'
[27Feb2025 00:37:03.222] [Worker-Main-10/WARN] [net.minecraft.client.resources.model.ModelBakery/]: Exception loading blockstate definition: 'create_dd:blockstates/chocolate_milkshake.json' missing model for variant: 'create_dd:chocolate_milkshake#level=7'
[27Feb2025 00:37:03.222] [Worker-Main-10/WARN] [net.minecraft.client.resources.model.ModelBakery/]: Exception loading blockstate definition: 'create_dd:blockstates/chocolate_milkshake.json' missing model for variant: 'create_dd:chocolate_milkshake#level=6'
[27Feb2025 00:37:03.222] [Worker-Main-10/WARN] [net.minecraft.client.resources.model.ModelBakery/]: Exception loading blockstate definition: 'create_dd:blockstates/chocolate_milkshake.json' missing model for variant: 'create_dd:chocolate_milkshake#level=10'
[27Feb2025 00:37:03.222] [Worker-Main-10/WARN] [net.minecraft.client.resources.model.ModelBakery/]: Exception loading blockstate definition: 'create_dd:blockstates/chocolate_milkshake.json' missing model for variant: 'create_dd:chocolate_milkshake#level=11'
[27Feb2025 00:37:03.222] [Worker-Main-10/WARN] [net.minecraft.client.resources.model.ModelBakery/]: Exception loading blockstate definition: 'create_dd:blockstates/chocolate_milkshake.json' missing model for variant: 'create_dd:chocolate_milkshake#level=12'
[27Feb2025 00:37:03.222] [Worker-Main-10/WARN] [net.minecraft.client.resources.model.ModelBakery/]: Exception loading blockstate definition: 'create_dd:blockstates/chocolate_milkshake.json' missing model for variant: 'create_dd:chocolate_milkshake#level=13'
[27Feb2025 00:37:03.222] [Worker-Main-10/WARN] [net.minecraft.client.resources.model.ModelBakery/]: Exception loading blockstate definition: 'create_dd:blockstates/chocolate_milkshake.json' missing model for variant: 'create_dd:chocolate_milkshake#level=14'
[27Feb2025 00:37:03.222] [Worker-Main-10/WARN] [net.minecraft.client.resources.model.ModelBakery/]: Exception loading blockstate definition: 'create_dd:blockstates/chocolate_milkshake.json' missing model for variant: 'create_dd:chocolate_milkshake#level=15'
[27Feb2025 00:37:03.222] [Worker-Main-10/WARN] [net.minecraft.client.resources.model.ModelBakery/]: Exception loading blockstate definition: 'create_dd:blockstates/chromatic_waste.json' missing model for variant: 'create_dd:chromatic_waste#level=14'
[27Feb2025 00:37:03.222] [Worker-Main-10/WARN] [net.minecraft.client.resources.model.ModelBakery/]: Exception loading blockstate definition: 'create_dd:blockstates/chromatic_waste.json' missing model for variant: 'create_dd:chromatic_waste#level=15'
[27Feb2025 00:37:03.222] [Worker-Main-10/WARN] [net.minecraft.client.resources.model.ModelBakery/]: Exception loading blockstate definition: 'create_dd:blockstates/chromatic_waste.json' missing model for variant: 'create_dd:chromatic_waste#level=9'
[27Feb2025 00:37:03.222] [Worker-Main-10/WARN] [net.minecraft.client.resources.model.ModelBakery/]: Exception loading blockstate definition: 'create_dd:blockstates/chromatic_waste.json' missing model for variant: 'create_dd:chromatic_waste#level=10'
[27Feb2025 00:37:03.222] [Worker-Main-10/WARN] [net.minecraft.client.resources.model.ModelBakery/]: Exception loading blockstate definition: 'create_dd:blockstates/chromatic_waste.json' missing model for variant: 'create_dd:chromatic_waste#level=11'
[27Feb2025 00:37:03.222] [Worker-Main-10/WARN] [net.minecraft.client.resources.model.ModelBakery/]: Exception loading blockstate definition: 'create_dd:blockstates/chromatic_waste.json' missing model for variant: 'create_dd:chromatic_waste#level=12'
[27Feb2025 00:37:03.222] [Worker-Main-10/WARN] [net.minecraft.client.resources.model.ModelBakery/]: Exception loading blockstate definition: 'create_dd:blockstates/chromatic_waste.json' missing model for variant: 'create_dd:chromatic_waste#level=13'
[27Feb2025 00:37:03.222] [Worker-Main-10/WARN] [net.minecraft.client.resources.model.ModelBakery/]: Exception loading blockstate definition: 'create_dd:blockstates/chromatic_waste.json' missing model for variant: 'create_dd:chromatic_waste#level=4'
[27Feb2025 00:37:03.222] [Worker-Main-10/WARN] [net.minecraft.client.resources.model.ModelBakery/]: Exception loading blockstate definition: 'create_dd:blockstates/chromatic_waste.json' missing model for variant: 'create_dd:chromatic_waste#level=3'
[27Feb2025 00:37:03.222] [Worker-Main-10/WARN] [net.minecraft.client.resources.model.ModelBakery/]: Exception loading blockstate definition: 'create_dd:blockstates/chromatic_waste.json' missing model for variant: 'create_dd:chromatic_waste#level=2'
[27Feb2025 00:37:03.222] [Worker-Main-10/WARN] [net.minecraft.client.resources.model.ModelBakery/]: Exception loading blockstate definition: 'create_dd:blockstates/chromatic_waste.json' missing model for variant: 'create_dd:chromatic_waste#level=1'
[27Feb2025 00:37:03.222] [Worker-Main-10/WARN] [net.minecraft.client.resources.model.ModelBakery/]: Exception loading blockstate definition: 'create_dd:blockstates/chromatic_waste.json' missing model for variant: 'create_dd:chromatic_waste#level=8'
[27Feb2025 00:37:03.222] [Worker-Main-10/WARN] [net.minecraft.client.resources.model.ModelBakery/]: Exception loading blockstate definition: 'create_dd:blockstates/chromatic_waste.json' missing model for variant: 'create_dd:chromatic_waste#level=7'
[27Feb2025 00:37:03.222] [Worker-Main-10/WARN] [net.minecraft.client.resources.model.ModelBakery/]: Exception loading blockstate definition: 'create_dd:blockstates/chromatic_waste.json' missing model for variant: 'create_dd:chromatic_waste#level=6'
[27Feb2025 00:37:03.222] [Worker-Main-10/WARN] [net.minecraft.client.resources.model.ModelBakery/]: Exception loading blockstate definition: 'create_dd:blockstates/chromatic_waste.json' missing model for variant: 'create_dd:chromatic_waste#level=5'
[27Feb2025 00:37:03.222] [Worker-Main-10/WARN] [net.minecraft.client.resources.model.ModelBakery/]: Exception loading blockstate definition: 'create_dd:blockstates/chromatic_waste.json' missing model for variant: 'create_dd:chromatic_waste#level=0'
[27Feb2025 00:37:03.222] [Worker-Main-10/WARN] [net.minecraft.client.resources.model.ModelBakery/]: Exception loading blockstate definition: 'create_dd:blockstates/sap.json' missing model for variant: 'create_dd:sap#level=13'
[27Feb2025 00:37:03.222] [Worker-Main-10/WARN] [net.minecraft.client.resources.model.ModelBakery/]: Exception loading blockstate definition: 'create_dd:blockstates/sap.json' missing model for variant: 'create_dd:sap#level=14'
[27Feb2025 00:37:03.222] [Worker-Main-10/WARN] [net.minecraft.client.resources.model.ModelBakery/]: Exception loading blockstate definition: 'create_dd:blockstates/sap.json' missing model for variant: 'create_dd:sap#level=9'
[27Feb2025 00:37:03.222] [Worker-Main-10/WARN] [net.minecraft.client.resources.model.ModelBakery/]: Exception loading blockstate definition: 'create_dd:blockstates/sap.json' missing model for variant: 'create_dd:sap#level=15'
[27Feb2025 00:37:03.222] [Worker-Main-10/WARN] [net.minecraft.client.resources.model.ModelBakery/]: Exception loading blockstate definition: 'create_dd:blockstates/sap.json' missing model for variant: 'create_dd:sap#level=8'
[27Feb2025 00:37:03.222] [Worker-Main-10/WARN] [net.minecraft.client.resources.model.ModelBakery/]: Exception loading blockstate definition: 'create_dd:blockstates/sap.json' missing model for variant: 'create_dd:sap#level=10'
[27Feb2025 00:37:03.222] [Worker-Main-10/WARN] [net.minecraft.client.resources.model.ModelBakery/]: Exception loading blockstate definition: 'create_dd:blockstates/sap.json' missing model for variant: 'create_dd:sap#level=11'
[27Feb2025 00:37:03.222] [Worker-Main-10/WARN] [net.minecraft.client.resources.model.ModelBakery/]: Exception loading blockstate definition: 'create_dd:blockstates/sap.json' missing model for variant: 'create_dd:sap#level=12'
[27Feb2025 00:37:03.222] [Worker-Main-10/WARN] [net.minecraft.client.resources.model.ModelBakery/]: Exception loading blockstate definition: 'create_dd:blockstates/sap.json' missing model for variant: 'create_dd:sap#level=3'
[27Feb2025 00:37:03.222] [Worker-Main-10/WARN] [net.minecraft.client.resources.model.ModelBakery/]: Exception loading blockstate definition: 'create_dd:blockstates/sap.json' missing model for variant: 'create_dd:sap#level=2'
[27Feb2025 00:37:03.222] [Worker-Main-10/WARN] [net.minecraft.client.resources.model.ModelBakery/]: Exception loading blockstate definition: 'create_dd:blockstates/sap.json' missing model for variant: 'create_dd:sap#level=1'
[27Feb2025 00:37:03.222] [Worker-Main-10/WARN] [net.minecraft.client.resources.model.ModelBakery/]: Exception loading blockstate definition: 'create_dd:blockstates/sap.json' missing model for variant: 'create_dd:sap#level=0'
[27Feb2025 00:37:03.222] [Worker-Main-10/WARN] [net.minecraft.client.resources.model.ModelBakery/]: Exception loading blockstate definition: 'create_dd:blockstates/sap.json' missing model for variant: 'create_dd:sap#level=7'
[27Feb2025 00:37:03.222] [Worker-Main-10/WARN] [net.minecraft.client.resources.model.ModelBakery/]: Exception loading blockstate definition: 'create_dd:blockstates/sap.json' missing model for variant: 'create_dd:sap#level=6'
[27Feb2025 00:37:03.224] [Worker-Main-10/WARN] [net.minecraft.client.resources.model.ModelBakery/]: Exception loading blockstate definition: 'create_dd:blockstates/sap.json' missing model for variant: 'create_dd:sap#level=5'
[27Feb2025 00:37:03.224] [Worker-Main-10/WARN] [net.minecraft.client.resources.model.ModelBakery/]: Exception loading blockstate definition: 'create_dd:blockstates/sap.json' missing model for variant: 'create_dd:sap#level=4'
[27Feb2025 00:37:03.224] [Worker-Main-10/WARN] [net.minecraft.client.resources.model.ModelBakery/]: Exception loading blockstate definition: 'create_dd:blockstates/shimmer.json' missing model for variant: 'create_dd:shimmer#level=8'
[27Feb2025 00:37:03.224] [Worker-Main-10/WARN] [net.minecraft.client.resources.model.ModelBakery/]: Exception loading blockstate definition: 'create_dd:blockstates/shimmer.json' missing model for variant: 'create_dd:shimmer#level=7'
[27Feb2025 00:37:03.224] [Worker-Main-10/WARN] [net.minecraft.client.resources.model.ModelBakery/]: Exception loading blockstate definition: 'create_dd:blockstates/shimmer.json' missing model for variant: 'create_dd:shimmer#level=9'
[27Feb2025 00:37:03.224] [Worker-Main-10/WARN] [net.minecraft.client.resources.model.ModelBakery/]: Exception loading blockstate definition: 'create_dd:blockstates/shimmer.json' missing model for variant: 'create_dd:shimmer#level=13'
[27Feb2025 00:37:03.224] [Worker-Main-10/WARN] [net.minecraft.client.resources.model.ModelBakery/]: Exception loading blockstate definition: 'create_dd:blockstates/shimmer.json' missing model for variant: 'create_dd:shimmer#level=12'
[27Feb2025 00:37:03.224] [Worker-Main-10/WARN] [net.minecraft.client.resources.model.ModelBakery/]: Exception loading blockstate definition: 'create_dd:blockstates/shimmer.json' missing model for variant: 'create_dd:shimmer#level=15'
[27Feb2025 00:37:03.224] [Worker-Main-10/WARN] [net.minecraft.client.resources.model.ModelBakery/]: Exception loading blockstate definition: 'create_dd:blockstates/shimmer.json' missing model for variant: 'create_dd:shimmer#level=14'
[27Feb2025 00:37:03.224] [Worker-Main-10/WARN] [net.minecraft.client.resources.model.ModelBakery/]: Exception loading blockstate definition: 'create_dd:blockstates/shimmer.json' missing model for variant: 'create_dd:shimmer#level=11'
[27Feb2025 00:37:03.224] [Worker-Main-10/WARN] [net.minecraft.client.resources.model.ModelBakery/]: Exception loading blockstate definition: 'create_dd:blockstates/shimmer.json' missing model for variant: 'create_dd:shimmer#level=10'
[27Feb2025 00:37:03.224] [Worker-Main-10/WARN] [net.minecraft.client.resources.model.ModelBakery/]: Exception loading blockstate definition: 'create_dd:blockstates/shimmer.json' missing model for variant: 'create_dd:shimmer#level=4'
[27Feb2025 00:37:03.224] [Worker-Main-10/WARN] [net.minecraft.client.resources.model.ModelBakery/]: Exception loading blockstate definition: 'create_dd:blockstates/shimmer.json' missing model for variant: 'create_dd:shimmer#level=3'
[27Feb2025 00:37:03.224] [Worker-Main-10/WARN] [net.minecraft.client.resources.model.ModelBakery/]: Exception loading blockstate definition: 'create_dd:blockstates/shimmer.json' missing model for variant: 'create_dd:shimmer#level=6'
[27Feb2025 00:37:03.224] [Worker-Main-10/WARN] [net.minecraft.client.resources.model.ModelBakery/]: Exception loading blockstate definition: 'create_dd:blockstates/shimmer.json' missing model for variant: 'create_dd:shimmer#level=5'
[27Feb2025 00:37:03.224] [Worker-Main-10/WARN] [net.minecraft.client.resources.model.ModelBakery/]: Exception loading blockstate definition: 'create_dd:blockstates/shimmer.json' missing model for variant: 'create_dd:shimmer#level=0'
[27Feb2025 00:37:03.224] [Worker-Main-10/WARN] [net.minecraft.client.resources.model.ModelBakery/]: Exception loading blockstate definition: 'create_dd:blockstates/shimmer.json' missing model for variant: 'create_dd:shimmer#level=2'
[27Feb2025 00:37:03.224] [Worker-Main-10/WARN] [net.minecraft.client.resources.model.ModelBakery/]: Exception loading blockstate definition: 'create_dd:blockstates/shimmer.json' missing model for variant: 'create_dd:shimmer#level=1'
[27Feb2025 00:37:03.481] [Worker-Main-14/WARN] [net.minecraft.client.renderer.texture.SpriteLoader/]: Texture nether_remastered:item/seal_piece_tl with size 174x167 limits mip level from 4 to 0
[27Feb2025 00:37:03.501] [Forge Version Check/INFO] [net.minecraftforge.fml.VersionChecker/]: [pipez] Found status: UP_TO_DATE Current: 1.20.1-1.2.5 Target: null
[27Feb2025 00:37:03.505] [Forge Version Check/INFO] [net.minecraftforge.fml.VersionChecker/]: [flywheel] Starting version check at https://api.modrinth.com/updates/flywheel/forge_updates.json
[27Feb2025 00:37:03.594] [Worker-Main-10/WARN] [net.minecraft.client.resources.model.ModelBakery/]: Unable to load model: 'createteleporters:block/quantum_casing' referenced from: createteleporters:quantum_casing#: java.io.FileNotFoundException: createteleporters:models/block/quantum_casing.json
[27Feb2025 00:37:03.594] [Worker-Main-10/WARN] [net.minecraft.client.resources.model.ModelBakery/]: Unable to load model: 'createteleporters:block/item_tp' referenced from: createteleporters:item_tp#: java.io.FileNotFoundException: createteleporters:models/block/item_tp.json
[27Feb2025 00:37:03.594] [Worker-Main-10/WARN] [net.minecraft.client.resources.model.ModelBakery/]: Unable to load model: 'createteleporters:block/tp_rec' referenced from: createteleporters:tp_rec#: java.io.FileNotFoundException: createteleporters:models/block/tp_rec.json
[27Feb2025 00:37:03.595] [Worker-Main-10/WARN] [net.minecraft.client.resources.model.ModelBakery/]: Unable to load model: 'createteleporters:block/pocket_d_block' referenced from: createteleporters:pocket_d_block#: java.io.FileNotFoundException: createteleporters:models/block/pocket_d_block.json
[27Feb2025 00:37:03.640] [Worker-Main-10/WARN] [net.minecraft.client.resources.model.ModelBakery/]: Unable to load model: 'create_dd:ponder_in_a_box#inventory' referenced from: create_dd:ponder_in_a_box#inventory: java.io.FileNotFoundException: create_dd:models/item/ponder_in_a_box.json
[27Feb2025 00:37:03.640] [Worker-Main-10/WARN] [net.minecraft.client.resources.model.ModelBakery/]: Unable to load model: 'create_dd:potato_turret#inventory' referenced from: create_dd:potato_turret#inventory: java.io.FileNotFoundException: create_dd:models/item/potato_turret.json
[27Feb2025 00:37:03.641] [Worker-Main-10/WARN] [net.minecraft.client.resources.model.ModelBakery/]: Unable to load model: 'create_dd:crafting_kinetic_mechanism1#inventory' referenced from: create_dd:crafting_kinetic_mechanism1#inventory: java.io.FileNotFoundException: create_dd:models/item/crafting_kinetic_mechanism1.json
[27Feb2025 00:37:03.641] [Worker-Main-10/WARN] [net.minecraft.client.resources.model.ModelBakery/]: Unable to load model: 'create_dd:crafting_kinetic_mechanism2#inventory' referenced from: create_dd:crafting_kinetic_mechanism2#inventory: java.io.FileNotFoundException: create_dd:models/item/crafting_kinetic_mechanism2.json
[27Feb2025 00:37:03.641] [Worker-Main-10/WARN] [net.minecraft.client.resources.model.ModelBakery/]: Unable to load model: 'minecraft:brass_drone' referenced from: create_sa:brass_drone_item#inventory: java.io.FileNotFoundException: minecraft:models/brass_drone.json
[27Feb2025 00:37:03.641] [Worker-Main-10/WARN] [net.minecraft.client.resources.model.ModelBakery/]: Unable to load model: 'minecraft:flamethrower' referenced from: create_sa:flamethrower#inventory: java.io.FileNotFoundException: minecraft:models/flamethrower.json
[27Feb2025 00:37:03.641] [Worker-Main-10/WARN] [net.minecraft.client.resources.model.ModelBakery/]: Unable to load model: 'minecraft:chains' referenced from: create_sa:chains#inventory: java.io.FileNotFoundException: minecraft:models/chains.json
[27Feb2025 00:37:03.647] [Worker-Main-10/WARN] [net.minecraft.client.resources.model.ModelBakery/]: Unable to load model: 'create_dd:item/deforester/item' referenced from: create_dd:item/deforester_saw/gear: java.io.FileNotFoundException: create_dd:models/item/deforester/item.json
[27Feb2025 00:37:03.647] [Forge Version Check/INFO] [net.minecraftforge.fml.VersionChecker/]: [flywheel] Found status: BETA Current: 0.6.11-13 Target: null
[27Feb2025 00:37:03.647] [Forge Version Check/INFO] [net.minecraftforge.fml.VersionChecker/]: [forge] Starting version check at https://files.minecraftforge.net/net/minecraftforge/forge/promotions_slim.json
[27Feb2025 00:37:03.802] [Forge Version Check/INFO] [net.minecraftforge.fml.VersionChecker/]: [forge] Found status: OUTDATED Current: 47.3.22 Target: 47.3.33
[27Feb2025 00:37:07.169] [Worker-Main-10/WARN] [net.minecraft.client.resources.model.ModelManager/]: Missing textures in model createaddition:small_light_connector#facing=up,mode=none,powered=false,rotation=y_clockwise_90,variant=girder:
    minecraft:textures/atlas/blocks.png:create:block/chute_block
[27Feb2025 00:37:07.309] [Render thread/INFO] [com.jozufozu.flywheel.backend.Backend/]: Loaded all shader sources.
[27Feb2025 00:37:07.521] [Worker-Main-5/INFO] [KubeJS Startup/]: Capturing errors for startup scripts disabled
[27Feb2025 00:37:09.237] [Render thread/WARN] [net.minecraft.client.sounds.SoundEngine/]: Missing sound for event: minecraft:item.goat_horn.play
[27Feb2025 00:37:09.237] [Render thread/WARN] [net.minecraft.client.sounds.SoundEngine/]: Missing sound for event: minecraft:entity.goat.screaming.horn_break
[27Feb2025 00:37:09.699] [Render thread/INFO] [com.mojang.blaze3d.audio.Library/]: OpenAL initialized on device OpenAL Soft on Headphones (WH-CH720N)
[27Feb2025 00:37:09.701] [Render thread/INFO] [net.minecraft.client.sounds.SoundEngine/SOUNDS]: Sound engine started
[27Feb2025 00:37:09.836] [Render thread/INFO] [net.minecraft.client.renderer.texture.TextureAtlas/]: Created: 4096x2048x4 minecraft:textures/atlas/blocks.png-atlas
[27Feb2025 00:37:09.868] [Render thread/INFO] [net.minecraft.client.renderer.texture.TextureAtlas/]: Created: 256x256x4 minecraft:textures/atlas/signs.png-atlas
[27Feb2025 00:37:09.868] [Render thread/INFO] [net.minecraft.client.renderer.texture.TextureAtlas/]: Created: 512x512x4 minecraft:textures/atlas/banner_patterns.png-atlas
[27Feb2025 00:37:09.868] [Render thread/INFO] [net.minecraft.client.renderer.texture.TextureAtlas/]: Created: 512x512x4 minecraft:textures/atlas/shield_patterns.png-atlas
[27Feb2025 00:37:09.872] [Render thread/INFO] [net.minecraft.client.renderer.texture.TextureAtlas/]: Created: 1024x1024x4 minecraft:textures/atlas/armor_trims.png-atlas
[27Feb2025 00:37:09.877] [Render thread/INFO] [net.minecraft.client.renderer.texture.TextureAtlas/]: Created: 256x256x4 minecraft:textures/atlas/chest.png-atlas
[27Feb2025 00:37:09.877] [Render thread/INFO] [net.minecraft.client.renderer.texture.TextureAtlas/]: Created: 128x64x4 minecraft:textures/atlas/decorated_pot.png-atlas
[27Feb2025 00:37:09.877] [Render thread/INFO] [net.minecraft.client.renderer.texture.TextureAtlas/]: Created: 512x256x4 minecraft:textures/atlas/beds.png-atlas
[27Feb2025 00:37:09.877] [Render thread/INFO] [net.minecraft.client.renderer.texture.TextureAtlas/]: Created: 512x256x4 minecraft:textures/atlas/shulker_boxes.png-atlas
[27Feb2025 00:37:10.000] [Render thread/WARN] [net.minecraft.client.renderer.ShaderInstance/]: Shader rendertype_entity_translucent_emissive could not find sampler named Sampler2 in the specified shader program.
[27Feb2025 00:37:10.068] [Render thread/INFO] [net.minecraft.client.renderer.texture.TextureAtlas/]: Created: 512x256x0 minecraft:textures/atlas/particles.png-atlas
[27Feb2025 00:37:10.069] [Render thread/INFO] [net.minecraft.client.renderer.texture.TextureAtlas/]: Created: 256x256x0 minecraft:textures/atlas/paintings.png-atlas
[27Feb2025 00:37:10.069] [Render thread/INFO] [net.minecraft.client.renderer.texture.TextureAtlas/]: Created: 128x128x0 minecraft:textures/atlas/mob_effects.png-atlas
[27Feb2025 00:37:10.072] [Render thread/INFO] [net.minecraft.client.renderer.texture.TextureAtlas/]: Created: 256x256x0 moonlight:textures/atlas/map_markers.png-atlas
[27Feb2025 00:37:10.072] [Render thread/INFO] [net.minecraft.client.renderer.texture.TextureAtlas/]: Created: 256x256x0 jei:textures/atlas/gui.png-atlas
[27Feb2025 00:37:10.096] [Render thread/INFO] [com.simibubi.create.Create/]: Loaded 51 train hat configurations.
[27Feb2025 00:37:10.241] [Realms Notification Availability checker #1/INFO] [com.mojang.realmsclient.client.RealmsClient/]: Could not authorize you against Realms server: Invalid session id
[27Feb2025 00:37:13.637] [Render thread/INFO] [net.minecraftforge.registries.GameData/REGISTRIES]: Injecting existing registry data into this CLIENT instance
[27Feb2025 00:37:14.645] [Render thread/INFO] [KubeJS/]: # Walking namespace 'forge'
[27Feb2025 00:37:14.646] [Render thread/INFO] [KubeJS/]: - File found: 'forge:biome_modifier/add_vents_badlands.json' (156 bytes)
[27Feb2025 00:37:14.646] [Render thread/INFO] [KubeJS/]: - File found: 'forge:biome_modifier/add_vents_forest.json' (281 bytes)
[27Feb2025 00:37:14.646] [Render thread/INFO] [KubeJS/]: - File found: 'forge:biome_modifier/add_vents_mountain.json' (208 bytes)
[27Feb2025 00:37:14.646] [Render thread/INFO] [KubeJS/]: - File found: 'forge:biome_modifier/add_vents_nether.json' (167 bytes)
[27Feb2025 00:37:14.646] [Render thread/INFO] [KubeJS/]: - File found: 'forge:biome_modifier/add_vents_overworld.json' (370 bytes)
[27Feb2025 00:37:14.646] [Render thread/INFO] [KubeJS/]: # Walking namespace 'molten_vents'
[27Feb2025 00:37:14.648] [Render thread/INFO] [KubeJS/]: - File found: 'molten_vents:blocks/conductive/crimsite.json' (150 bytes)
[27Feb2025 00:37:14.648] [Render thread/INFO] [KubeJS/]: - File found: 'molten_vents:blocks/conductive/ochrum.json' (144 bytes)
[27Feb2025 00:37:14.648] [Render thread/INFO] [KubeJS/]: - File found: 'molten_vents:blocks/convertible/crimsite.json' (78 bytes)
[27Feb2025 00:37:14.648] [Render thread/INFO] [KubeJS/]: - File found: 'molten_vents:blocks/convertible/ochrum.json' (77 bytes)
[27Feb2025 00:37:14.648] [Render thread/INFO] [KubeJS/]: # Walking namespace 'worldgen'
[27Feb2025 00:37:14.649] [Render thread/INFO] [KubeJS/]: - File found: 'worldgen:configured_feature/crimsite_vent.json' (1220 bytes)
[27Feb2025 00:37:14.649] [Render thread/INFO] [KubeJS/]: - File found: 'worldgen:configured_feature/ochrum_vent.json' (1209 bytes)
[27Feb2025 00:37:14.649] [Render thread/INFO] [KubeJS/]: - File found: 'worldgen:placed_feature/crimsite_vent.json' (324 bytes)
[27Feb2025 00:37:14.649] [Render thread/INFO] [KubeJS/]: - File found: 'worldgen:placed_feature/ochrum_vent.json' (322 bytes)
[27Feb2025 00:37:14.649] [Render thread/INFO] [KubeJS/]: Generated SERVER_DATA data (14 files)
[27Feb2025 00:37:14.661] [Render thread/INFO] [KubeJS Server/]: Capturing errors for server scripts enabled
[27Feb2025 00:37:14.673] [Render thread/INFO] [KubeJS Server/]: example.js#5: Hello, World! (Loaded server scripts)
[27Feb2025 00:37:14.673] [Render thread/INFO] [KubeJS Server/]: Loaded script server_scripts:example.js in 0.0 s
[27Feb2025 00:37:14.673] [Render thread/INFO] [KubeJS Server/]: Loaded 1/1 KubeJS server scripts in 0.009 s with 0 errors and 0 warnings
[27Feb2025 00:37:14.673] [Render thread/INFO] [KubeJS Server/]: Scripts loaded
[27Feb2025 00:37:15.564] [Render thread/INFO] [AE2:C/]: Scanning class appeng.server.testplots.TestPlots for plots
[27Feb2025 00:37:15.566] [Render thread/INFO] [AE2:C/]: Scanning class appeng.server.testplots.AutoCraftingTestPlots for plots
[27Feb2025 00:37:15.566] [Render thread/INFO] [AE2:C/]: Scanning class appeng.server.testplots.InscriberTestPlots for plots
[27Feb2025 00:37:15.570] [Render thread/INFO] [AE2:C/]: Scanning class appeng.server.testplots.P2PTestPlots for plots
[27Feb2025 00:37:15.570] [Render thread/INFO] [AE2:C/]: Scanning class appeng.server.testplots.ItemP2PTestPlots for plots
[27Feb2025 00:37:15.570] [Render thread/INFO] [AE2:C/]: Scanning class appeng.server.testplots.MemoryCardTestPlots for plots
[27Feb2025 00:37:15.570] [Render thread/INFO] [AE2:C/]: Scanning class appeng.server.testplots.PatternProviderLockModePlots for plots
[27Feb2025 00:37:15.572] [Render thread/INFO] [AE2:C/]: Scanning class appeng.server.testplots.PatternProviderPlots for plots
[27Feb2025 00:37:15.572] [Render thread/INFO] [AE2:C/]: Scanning class appeng.server.testplots.SpatialTestPlots for plots
[27Feb2025 00:37:15.572] [Render thread/INFO] [AE2:C/]: Scanning class appeng.server.testplots.QnbTestPlots for plots
[27Feb2025 00:37:15.572] [Render thread/INFO] [AE2:C/]: Scanning class appeng.server.testplots.GuidebookPlot for plots
[27Feb2025 00:37:15.572] [Render thread/INFO] [AE2:C/]: Scanning class appeng.server.testplots.SubnetPlots for plots
[27Feb2025 00:37:15.572] [Render thread/INFO] [AE2:C/]: Scanning class appeng.server.testplots.ChannelTests for plots
[27Feb2025 00:37:15.572] [Render thread/INFO] [AE2:C/]: Scanning class appeng.server.testplots.AnnihilationPlaneTests for plots
[27Feb2025 00:37:15.702] [Worker-Main-3/ERROR] [net.minecraft.tags.TagLoader/]: Couldn't load tag minecraft:overworld_carver_replaceables as it is missing following references: createteleporters:deleted_mod_element (from create-teleporters-829272-5512163_mapped_parchment_2023.09.03-1.20.1.jar)
[27Feb2025 00:37:16.399] [Render thread/WARN] [com.simibubi.create.Create/]: Your custom createaddition:rolling/electrum_ingot recipe (createaddition:rolling/electrum_ingot) specified a duration. Durations have no impact on this type of recipe.
[27Feb2025 00:37:16.418] [Render thread/ERROR] [net.minecraft.world.item.crafting.RecipeManager/]: Parsing error loading recipe forgefrontier:fluix_quartz_duplication
com.google.gson.JsonSyntaxException: Unknown item 'ae2:fluix_quartz_dust'
	at net.minecraft.world.item.crafting.ShapedRecipe.lambda$itemFromJson$2(ShapedRecipe.java:292) ~[forge-1.20.1-47.3.22_mapped_parchment_2023.09.03-1.20.1.jar:?]
	at java.util.Optional.orElseThrow(Optional.java:403) ~[?:?]
	at net.minecraft.world.item.crafting.ShapedRecipe.itemFromJson(ShapedRecipe.java:291) ~[forge-1.20.1-47.3.22_mapped_parchment_2023.09.03-1.20.1.jar:?]
	at net.minecraft.world.item.crafting.Ingredient.valueFromJson(Ingredient.java:219) ~[forge-1.20.1-47.3.22_mapped_parchment_2023.09.03-1.20.1.jar:?]
	at net.minecraftforge.common.crafting.VanillaIngredientSerializer.parse(VanillaIngredientSerializer.java:27) ~[forge-1.20.1-47.3.22_mapped_parchment_2023.09.03-1.20.1.jar:?]
	at net.minecraftforge.common.crafting.CraftingHelper.getIngredient(CraftingHelper.java:148) ~[forge-1.20.1-47.3.22_mapped_parchment_2023.09.03-1.20.1.jar:?]
	at net.minecraft.world.item.crafting.Ingredient.fromJson(Ingredient.java:194) ~[forge-1.20.1-47.3.22_mapped_parchment_2023.09.03-1.20.1.jar:?]
	at net.minecraft.world.item.crafting.Ingredient.fromJson(Ingredient.java:189) ~[forge-1.20.1-47.3.22_mapped_parchment_2023.09.03-1.20.1.jar:?]
	at com.simibubi.create.content.processing.recipe.ProcessingRecipeSerializer.readFromJson(ProcessingRecipeSerializer.java:66) ~[create-1.20.1-0.5.1.j-55_mapped_parchment_2023.09.03-1.20.1-slim.jar:0.5.1.j-55]
	at com.simibubi.create.content.processing.recipe.ProcessingRecipeSerializer.fromJson(ProcessingRecipeSerializer.java:154) ~[create-1.20.1-0.5.1.j-55_mapped_parchment_2023.09.03-1.20.1-slim.jar:0.5.1.j-55]
	at com.simibubi.create.content.processing.recipe.ProcessingRecipeSerializer.fromJson(ProcessingRecipeSerializer.java:21) ~[create-1.20.1-0.5.1.j-55_mapped_parchment_2023.09.03-1.20.1-slim.jar:0.5.1.j-55]
	at net.minecraftforge.common.extensions.IForgeRecipeSerializer.fromJson(IForgeRecipeSerializer.java:23) ~[forge-1.20.1-47.3.22_mapped_parchment_2023.09.03-1.20.1.jar:?]
	at net.minecraft.world.item.crafting.RecipeManager.fromJson(RecipeManager.java:171) ~[forge-1.20.1-47.3.22_mapped_parchment_2023.09.03-1.20.1.jar:?]
	at net.minecraft.world.item.crafting.RecipeManager.apply(RecipeManager.java:67) ~[forge-1.20.1-47.3.22_mapped_parchment_2023.09.03-1.20.1.jar:?]
	at net.minecraft.world.item.crafting.RecipeManager.apply(RecipeManager.java:34) ~[forge-1.20.1-47.3.22_mapped_parchment_2023.09.03-1.20.1.jar:?]
	at net.minecraft.server.packs.resources.SimplePreparableReloadListener.lambda$reload$1(SimplePreparableReloadListener.java:13) ~[forge-1.20.1-47.3.22_mapped_parchment_2023.09.03-1.20.1.jar:?]
	at java.util.concurrent.CompletableFuture$UniAccept.tryFire$$$capture(CompletableFuture.java:718) ~[?:?]
	at java.util.concurrent.CompletableFuture$UniAccept.tryFire(CompletableFuture.java) ~[?:?]
	at java.util.concurrent.CompletableFuture$Completion.run(CompletableFuture.java:482) ~[?:?]
	at net.minecraft.server.packs.resources.SimpleReloadInstance.lambda$new$3(SimpleReloadInstance.java:69) ~[forge-1.20.1-47.3.22_mapped_parchment_2023.09.03-1.20.1.jar:?]
	at net.minecraft.util.thread.BlockableEventLoop.doRunTask(BlockableEventLoop.java:156) ~[forge-1.20.1-47.3.22_mapped_parchment_2023.09.03-1.20.1.jar:?]
	at net.minecraft.util.thread.ReentrantBlockableEventLoop.doRunTask(ReentrantBlockableEventLoop.java:23) ~[forge-1.20.1-47.3.22_mapped_parchment_2023.09.03-1.20.1.jar:?]
	at net.minecraft.util.thread.BlockableEventLoop.pollTask(BlockableEventLoop.java:130) ~[forge-1.20.1-47.3.22_mapped_parchment_2023.09.03-1.20.1.jar:?]
	at net.minecraft.util.thread.BlockableEventLoop.managedBlock(BlockableEventLoop.java:139) ~[forge-1.20.1-47.3.22_mapped_parchment_2023.09.03-1.20.1.jar:?]
	at net.minecraft.client.gui.screens.worldselection.WorldOpenFlows.loadWorldDataBlocking(WorldOpenFlows.java:163) ~[forge-1.20.1-47.3.22_mapped_parchment_2023.09.03-1.20.1.jar:?]
	at net.minecraft.client.gui.screens.worldselection.WorldOpenFlows.loadWorldStem(WorldOpenFlows.java:113) ~[forge-1.20.1-47.3.22_mapped_parchment_2023.09.03-1.20.1.jar:?]
	at net.minecraft.client.gui.screens.worldselection.WorldOpenFlows.doLoadLevel(WorldOpenFlows.java:181) ~[forge-1.20.1-47.3.22_mapped_parchment_2023.09.03-1.20.1.jar:?]
	at net.minecraft.client.gui.screens.worldselection.WorldOpenFlows.doLoadLevel(WorldOpenFlows.java:169) ~[forge-1.20.1-47.3.22_mapped_parchment_2023.09.03-1.20.1.jar:?]
	at net.minecraft.client.gui.screens.worldselection.WorldOpenFlows.loadLevel(WorldOpenFlows.java:65) ~[forge-1.20.1-47.3.22_mapped_parchment_2023.09.03-1.20.1.jar:?]
	at net.minecraft.client.gui.screens.worldselection.WorldSelectionList$WorldListEntry.loadWorld(WorldSelectionList.java:575) ~[forge-1.20.1-47.3.22_mapped_parchment_2023.09.03-1.20.1.jar:?]
	at net.minecraft.client.gui.screens.worldselection.WorldSelectionList$WorldListEntry.joinWorld(WorldSelectionList.java:474) ~[forge-1.20.1-47.3.22_mapped_parchment_2023.09.03-1.20.1.jar:?]
	at net.minecraft.client.gui.screens.worldselection.WorldSelectionList$WorldListEntry.mouseClicked(WorldSelectionList.java:416) ~[forge-1.20.1-47.3.22_mapped_parchment_2023.09.03-1.20.1.jar:?]
	at net.minecraft.client.gui.components.AbstractSelectionList.mouseClicked(AbstractSelectionList.java:298) ~[forge-1.20.1-47.3.22_mapped_parchment_2023.09.03-1.20.1.jar:?]
	at net.minecraft.client.gui.components.events.ContainerEventHandler.mouseClicked(ContainerEventHandler.java:38) ~[forge-1.20.1-47.3.22_mapped_parchment_2023.09.03-1.20.1.jar:?]
	at net.minecraft.client.MouseHandler.lambda$onPress$0(MouseHandler.java:92) ~[forge-1.20.1-47.3.22_mapped_parchment_2023.09.03-1.20.1.jar:?]
	at net.minecraft.client.gui.screens.Screen.wrapScreenError(Screen.java:437) ~[forge-1.20.1-47.3.22_mapped_parchment_2023.09.03-1.20.1.jar:?]
	at net.minecraft.client.MouseHandler.onPress(MouseHandler.java:89) ~[forge-1.20.1-47.3.22_mapped_parchment_2023.09.03-1.20.1.jar:?]
	at net.minecraft.client.MouseHandler.lambda$setup$4(MouseHandler.java:189) ~[forge-1.20.1-47.3.22_mapped_parchment_2023.09.03-1.20.1.jar:?]
	at net.minecraft.util.thread.BlockableEventLoop.execute(BlockableEventLoop.java:102) ~[forge-1.20.1-47.3.22_mapped_parchment_2023.09.03-1.20.1.jar:?]
	at net.minecraft.client.MouseHandler.lambda$setup$5(MouseHandler.java:188) ~[forge-1.20.1-47.3.22_mapped_parchment_2023.09.03-1.20.1.jar:?]
	at org.lwjgl.glfw.GLFWMouseButtonCallbackI.callback(GLFWMouseButtonCallbackI.java:43) ~[lwjgl-glfw-3.3.1.jar:build 7]
	at org.lwjgl.system.JNI.invokeV(Native Method) ~[lwjgl-3.3.1.jar:build 7]
	at org.lwjgl.glfw.GLFW.glfwWaitEventsTimeout(GLFW.java:3474) ~[lwjgl-glfw-3.3.1.jar:build 7]
	at com.mojang.blaze3d.systems.RenderSystem.limitDisplayFPS(RenderSystem.java:237) ~[forge-1.20.1-47.3.22_mapped_parchment_2023.09.03-1.20.1.jar:?]
	at net.minecraft.client.Minecraft.runTick(Minecraft.java:1173) ~[forge-1.20.1-47.3.22_mapped_parchment_2023.09.03-1.20.1.jar:?]
	at net.minecraft.client.Minecraft.run(Minecraft.java:718) ~[forge-1.20.1-47.3.22_mapped_parchment_2023.09.03-1.20.1.jar:?]
	at net.minecraft.client.main.Main.main(Main.java:218) ~[forge-1.20.1-47.3.22_mapped_parchment_2023.09.03-1.20.1.jar:?]
	at jdk.internal.reflect.NativeMethodAccessorImpl.invoke0(Native Method) ~[?:?]
	at jdk.internal.reflect.NativeMethodAccessorImpl.invoke(NativeMethodAccessorImpl.java:77) ~[?:?]
	at jdk.internal.reflect.DelegatingMethodAccessorImpl.invoke(DelegatingMethodAccessorImpl.java:43) ~[?:?]
	at java.lang.reflect.Method.invoke(Method.java:569) ~[?:?]
	at net.minecraftforge.fml.loading.targets.CommonLaunchHandler.runTarget(CommonLaunchHandler.java:111) ~[fmlloader-1.20.1-47.3.22.jar:?]
	at net.minecraftforge.fml.loading.targets.CommonLaunchHandler.clientService(CommonLaunchHandler.java:99) ~[fmlloader-1.20.1-47.3.22.jar:?]
	at net.minecraftforge.fml.loading.targets.ForgeClientUserdevLaunchHandler.devService(ForgeClientUserdevLaunchHandler.java:19) ~[fmlloader-1.20.1-47.3.22.jar:?]
	at net.minecraftforge.fml.loading.targets.CommonDevLaunchHandler.lambda$makeService$7(CommonDevLaunchHandler.java:135) ~[fmlloader-1.20.1-47.3.22.jar:?]
	at cpw.mods.modlauncher.LaunchServiceHandlerDecorator.launch(LaunchServiceHandlerDecorator.java:30) ~[modlauncher-10.0.9.jar:?]
	at cpw.mods.modlauncher.LaunchServiceHandler.launch(LaunchServiceHandler.java:53) ~[modlauncher-10.0.9.jar:?]
	at cpw.mods.modlauncher.LaunchServiceHandler.launch(LaunchServiceHandler.java:71) ~[modlauncher-10.0.9.jar:?]
	at cpw.mods.modlauncher.Launcher.run(Launcher.java:108) ~[modlauncher-10.0.9.jar:?]
	at cpw.mods.modlauncher.Launcher.main(Launcher.java:78) ~[modlauncher-10.0.9.jar:?]
	at cpw.mods.modlauncher.BootstrapLaunchConsumer.accept(BootstrapLaunchConsumer.java:26) ~[modlauncher-10.0.9.jar:?]
	at cpw.mods.modlauncher.BootstrapLaunchConsumer.accept(BootstrapLaunchConsumer.java:23) ~[modlauncher-10.0.9.jar:?]
	at cpw.mods.bootstraplauncher.BootstrapLauncher.main(BootstrapLauncher.java:141) ~[bootstraplauncher-1.1.2.jar:?]
[27Feb2025 00:37:16.449] [Render thread/WARN] [com.simibubi.create.Create/]: Your custom create:emptying recipe (create_dd:emptying/sap_from_jungle_log) has more item outputs (2) than supported (1).
[27Feb2025 00:37:16.452] [Render thread/WARN] [com.simibubi.create.Create/]: Your custom create:emptying recipe (create_dd:emptying/sap_from_dark_oak_wood) has more item outputs (2) than supported (1).
[27Feb2025 00:37:16.455] [Render thread/WARN] [com.simibubi.create.Create/]: Your custom create:emptying recipe (create_dd:emptying/sap_from_acacia_wood) has more item outputs (2) than supported (1).
[27Feb2025 00:37:16.460] [Render thread/WARN] [com.simibubi.create.Create/]: Your custom createaddition:rolling/brass_ingot recipe (createaddition:rolling/brass_ingot) specified a duration. Durations have no impact on this type of recipe.
[27Feb2025 00:37:16.460] [Render thread/WARN] [com.simibubi.create.Create/]: Your custom createaddition:rolling/electrum_plate recipe (createaddition:rolling/electrum_plate) specified a duration. Durations have no impact on this type of recipe.
[27Feb2025 00:37:16.466] [Render thread/WARN] [com.simibubi.create.Create/]: Your custom createaddition:rolling/iron_ingot recipe (createaddition:rolling/iron_ingot) specified a duration. Durations have no impact on this type of recipe.
[27Feb2025 00:37:16.468] [Render thread/WARN] [com.simibubi.create.Create/]: Your custom createaddition:rolling/copper_ingot recipe (createaddition:rolling/copper_ingot) specified a duration. Durations have no impact on this type of recipe.
[27Feb2025 00:37:16.470] [Render thread/WARN] [com.simibubi.create.Create/]: Your custom createaddition:rolling/copper_plate recipe (createaddition:rolling/copper_plate) specified a duration. Durations have no impact on this type of recipe.
[27Feb2025 00:37:16.472] [Render thread/WARN] [com.simibubi.create.Create/]: Your custom createaddition:rolling/iron_plate recipe (createaddition:rolling/iron_plate) specified a duration. Durations have no impact on this type of recipe.
[27Feb2025 00:37:16.473] [Render thread/WARN] [com.simibubi.create.Create/]: Your custom create:emptying recipe (create_dd:emptying/sap_from_jungle_wood) has more item outputs (2) than supported (1).
[27Feb2025 00:37:16.479] [Render thread/WARN] [com.simibubi.create.Create/]: Your custom create:emptying recipe (create_dd:emptying/sap_from_oak_wood) has more item outputs (2) than supported (1).
[27Feb2025 00:37:16.479] [Render thread/WARN] [com.simibubi.create.Create/]: Your custom create:emptying recipe (create_dd:emptying/sap_from_acacia_log) has more item outputs (2) than supported (1).
[27Feb2025 00:37:16.480] [Render thread/WARN] [com.simibubi.create.Create/]: Your custom create:emptying recipe (create_dd:emptying/sap_from_rubber_log) has more item outputs (2) than supported (1).
[27Feb2025 00:37:16.482] [Render thread/WARN] [com.simibubi.create.Create/]: Your custom createaddition:rolling/gold_ingot recipe (createaddition:rolling/gold_ingot) specified a duration. Durations have no impact on this type of recipe.
[27Feb2025 00:37:16.482] [Render thread/WARN] [com.simibubi.create.Create/]: Your custom create:emptying recipe (create_dd:emptying/sap_from_oak_log) has more item outputs (2) than supported (1).
[27Feb2025 00:37:16.483] [Render thread/WARN] [com.simibubi.create.Create/]: Your custom createaddition:rolling/straw recipe (createaddition:rolling/straw) specified a duration. Durations have no impact on this type of recipe.
[27Feb2025 00:37:16.485] [Render thread/WARN] [com.simibubi.create.Create/]: Your custom createaddition:rolling/gold_plate recipe (createaddition:rolling/gold_plate) specified a duration. Durations have no impact on this type of recipe.
[27Feb2025 00:37:16.486] [Render thread/WARN] [com.simibubi.create.Create/]: Your custom create:emptying recipe (create_dd:emptying/sap_from_rubber_wood) has more item outputs (2) than supported (1).
[27Feb2025 00:37:16.486] [Render thread/WARN] [com.simibubi.create.Create/]: Your custom create:emptying recipe (create_dd:emptying/sap_from_dark_oak_log) has more item outputs (2) than supported (1).
[27Feb2025 00:37:16.489] [Render thread/INFO] [net.minecraft.world.item.crafting.RecipeManager/]: Loaded 33 recipes
[27Feb2025 00:37:16.546] [Render thread/ERROR] [net.minecraft.server.ServerAdvancementManager/]: Parsing error loading custom advancement create_dd:flywheel: Failed to parse 'location' field
[27Feb2025 00:37:16.576] [Render thread/INFO] [net.minecraft.advancements.AdvancementList/]: Loaded 2694 advancements
[27Feb2025 00:37:16.597] [Render thread/INFO] [top.theillusivec4.curios.Curios/]: Loaded 11 curio slots
[27Feb2025 00:37:16.605] [Render thread/INFO] [top.theillusivec4.curios.Curios/]: Loaded 1 curio entities
[27Feb2025 00:37:16.618] [Render thread/WARN] [net.minecraftforge.registries.NamespacedWrapper/]: Not all defined tags for registry ResourceKey[minecraft:root / minecraft:block] are present in data pack: minecraft:overworld_carver_replaceables
[27Feb2025 00:37:17.542] [Server thread/INFO] [net.minecraft.client.server.IntegratedServer/]: Starting integrated minecraft server version 1.20.1
[27Feb2025 00:37:17.542] [Server thread/INFO] [net.minecraft.server.MinecraftServer/]: Generating keypair
[27Feb2025 00:37:17.631] [Server thread/INFO] [FTB Teams/]: loaded team data: 1 known players, 1 teams total
[27Feb2025 00:37:17.891] [Server thread/INFO] [net.minecraft.server.MinecraftServer/]: Preparing start region for dimension minecraft:overworld
[27Feb2025 00:37:17.894] [Server thread/INFO] [KubeJS Server/]: Capturing errors for server scripts disabled
[27Feb2025 00:37:17.894] [Server thread/INFO] [KubeJS Server/]: Server resource reload complete!
[27Feb2025 00:37:18.995] [Render thread/INFO] [net.minecraft.server.level.progress.LoggerChunkProgressListener/]: Preparing spawn area: 0%
[27Feb2025 00:37:18.995] [Render thread/INFO] [net.minecraft.server.level.progress.LoggerChunkProgressListener/]: Preparing spawn area: 0%
[27Feb2025 00:37:18.995] [Render thread/INFO] [net.minecraft.server.level.progress.LoggerChunkProgressListener/]: Preparing spawn area: 0%
[27Feb2025 00:37:19.421] [Render thread/INFO] [net.minecraft.server.level.progress.LoggerChunkProgressListener/]: Preparing spawn area: 3%
[27Feb2025 00:37:19.899] [Render thread/INFO] [net.minecraft.server.level.progress.LoggerChunkProgressListener/]: Time elapsed: 1998 ms
[27Feb2025 00:37:19.904] [Server thread/INFO] [net.minecraftforge.server.permission.PermissionAPI/]: Successfully initialized permission handler forge:default_handler
[27Feb2025 00:37:19.909] [Server thread/INFO] [FTB Quests/]: Loading quests from C:\Users\gamma\IdeaProjects\ForgeFrontier\run\config\ftbquests\quests
[27Feb2025 00:37:19.937] [Server thread/INFO] [FTB Quests/]: Loaded 1 chapter groups, 1 chapters, 2 quests, 0 reward tables
[27Feb2025 00:37:20.227] [Server thread/INFO] [net.minecraft.client.server.IntegratedServer/]: Changing view distance to 12, from 10
[27Feb2025 00:37:20.228] [Server thread/INFO] [net.minecraft.client.server.IntegratedServer/]: Changing simulation distance to 12, from 0
[27Feb2025 00:37:20.281] [Server thread/INFO] [BatchExecutor/]: Started 10 worker threads
[27Feb2025 00:37:20.332] [Render thread/WARN] [io.netty.util.internal.SystemPropertyUtil/]: Unable to parse the boolean system property 'java.net.preferIPv6Addresses':system - using the default value: false
[27Feb2025 00:37:21.100] [Netty Local Client IO #0/INFO] [net.minecraftforge.network.NetworkHooks/]: Connected to a modded server.
[27Feb2025 00:37:21.110] [Server thread/INFO] [net.minecraft.server.players.PlayerList/]: Dev[local:E:1580f76a] logged in with entity id 6 at (-28.914968366288495, -64.37052806191437, -7.636393561990594)
[27Feb2025 00:37:21.193] [Server thread/INFO] [net.minecraft.server.MinecraftServer/]: Dev joined the game
[27Feb2025 00:37:21.272] [Render thread/INFO] [mezz.jei.forge.startup.StartEventObserver/]: JEI StartEventObserver received class net.minecraftforge.client.event.ClientPlayerNetworkEvent$LoggingIn
[27Feb2025 00:37:21.272] [Render thread/INFO] [mezz.jei.forge.startup.StartEventObserver/]: JEI StartEventObserver transitioning state from DISABLED to ENABLED
[27Feb2025 00:37:21.297] [Render thread/WARN] [net.minecraft.client.ClientRecipeBook/]: Unknown recipe category: ae2:charger/ae2:charger/charged_certus_quartz_crystal
[27Feb2025 00:37:21.299] [Render thread/WARN] [net.minecraft.client.ClientRecipeBook/]: Unknown recipe category: ae2:charger/ae2:charger/guide
[27Feb2025 00:37:21.299] [Render thread/WARN] [net.minecraft.client.ClientRecipeBook/]: Unknown recipe category: ae2:charger/ae2:charger/meteorite_compass
[27Feb2025 00:37:21.320] [Netty Local Client IO #0/INFO] [FTB Quests/]: Read 2331 bytes, 6 objects
[27Feb2025 00:37:21.632] [Render thread/INFO] [mezz.jei.forge.startup.StartEventObserver/]: JEI StartEventObserver received class net.minecraftforge.client.event.RecipesUpdatedEvent
[27Feb2025 00:37:21.650] [Render thread/INFO] [mezz.jei.forge.startup.StartEventObserver/]: JEI StartEventObserver received class net.minecraftforge.event.TagsUpdatedEvent
[27Feb2025 00:37:21.650] [Render thread/INFO] [mezz.jei.forge.startup.StartEventObserver/]: JEI StartEventObserver transitioning state from ENABLED to JEI_STARTED
[27Feb2025 00:37:21.650] [Render thread/INFO] [mezz.jei.core.util.LoggedTimer/]: Starting JEI...
[27Feb2025 00:37:21.657] [Render thread/INFO] [mezz.jei.library.load.PluginCaller/]: Registering item subtypes...
[27Feb2025 00:37:21.662] [Render thread/INFO] [mezz.jei.library.load.PluginCaller/]: Registering item subtypes took 4.047 ms
[27Feb2025 00:37:21.662] [Render thread/INFO] [mezz.jei.library.load.PluginCaller/]: Registering fluid subtypes...
[27Feb2025 00:37:21.665] [Render thread/INFO] [mezz.jei.library.load.PluginCaller/]: Registering fluid subtypes took 1.902 ms
[27Feb2025 00:37:21.668] [Render thread/INFO] [mezz.jei.library.load.PluginCaller/]: Registering ingredients...
[27Feb2025 00:37:21.737] [Render thread/WARN] [mezz.jei.library.plugins.vanilla.ingredients.ItemStackListFactory/]: 20 duplicate items were found in 'Applied Energistics 2' creative tab's: displayItems
This may indicate that these types of item need a subtype interpreter added to JEI:
[PortableCellItem[portable_fluid_cell_64k], energy_cell, ChargedStaffItem[charged_staff], PortableCellItem[portable_item_cell_16k], PortableCellItem[portable_item_cell_4k], PortableCellItem[portable_fluid_cell_4k], PortableCellItem[portable_item_cell_64k], PortableCellItem[portable_fluid_cell_16k], PortableCellItem[portable_fluid_cell_1k], AnnihilationPlanePartItem[annihilation_plane], PortableCellItem[portable_item_cell_1k], dense_energy_cell, EntropyManipulatorItem[entropy_manipulator], WirelessCraftingTerminalItem[wireless_crafting_terminal], MatterCannonItem[matter_cannon], PortableCellItem[portable_fluid_cell_256k], WirelessTerminalItem[wireless_terminal], PortableCellItem[portable_item_cell_256k], ColorApplicatorItem[color_applicator]]
[27Feb2025 00:37:21.748] [Render thread/WARN] [mezz.jei.library.plugins.vanilla.ingredients.ItemStackListFactory/]: Item Group has no display items and no search tab display items. Items from this group will be missing from the JEI ingredient list. KubeJS
[27Feb2025 00:37:21.779] [Render thread/INFO] [mezz.jei.library.load.PluginCallerTimerRunnable/]: Registering ingredients: jei:minecraft took 111.3 milliseconds
[27Feb2025 00:37:21.779] [Render thread/INFO] [mezz.jei.library.load.PluginCaller/]: Registering ingredients took 112.3 ms
[27Feb2025 00:37:21.781] [Render thread/INFO] [mezz.jei.library.load.PluginCaller/]: Registering extra ingredients...
[27Feb2025 00:37:21.781] [Render thread/INFO] [mezz.jei.library.load.PluginCaller/]: Registering extra ingredients took 818.6 μs
[27Feb2025 00:37:21.781] [Render thread/INFO] [mezz.jei.library.load.PluginCaller/]: Registering search ingredient aliases...
[27Feb2025 00:37:21.783] [Render thread/INFO] [mezz.jei.library.load.PluginCaller/]: Registering search ingredient aliases took 775.5 μs
[27Feb2025 00:37:21.797] [Render thread/INFO] [mezz.jei.library.load.PluginCaller/]: Registering categories...
[27Feb2025 00:37:21.809] [Render thread/INFO] [mezz.jei.library.load.PluginCallerTimerRunnable/]: Registering categories: jei:minecraft took 11.37 milliseconds
[27Feb2025 00:37:21.859] [Render thread/INFO] [mezz.jei.library.load.PluginCallerTimerRunnable/]: Registering categories: create:jei_plugin took 29.33 milliseconds
[27Feb2025 00:37:21.874] [Render thread/INFO] [mezz.jei.library.load.PluginCaller/]: Registering categories took 76.63 ms
[27Feb2025 00:37:21.874] [Render thread/INFO] [mezz.jei.library.load.PluginCaller/]: Registering vanilla category extensions...
[27Feb2025 00:37:21.879] [Render thread/INFO] [mezz.jei.library.load.PluginCaller/]: Registering vanilla category extensions took 3.431 ms
[27Feb2025 00:37:21.879] [Render thread/INFO] [mezz.jei.library.load.PluginCaller/]: Registering recipe catalysts...
[27Feb2025 00:37:21.883] [Render thread/INFO] [mezz.jei.library.load.PluginCaller/]: Registering recipe catalysts took 4.064 ms
[27Feb2025 00:37:21.883] [Render thread/INFO] [mezz.jei.core.util.LoggedTimer/]: Building recipe registry...
[27Feb2025 00:37:21.894] [Render thread/INFO] [mezz.jei.core.util.LoggedTimer/]: Building recipe registry took 10.44 ms
[27Feb2025 00:37:21.895] [Render thread/INFO] [mezz.jei.library.load.PluginCaller/]: Registering advanced plugins...
[27Feb2025 00:37:21.897] [Render thread/INFO] [mezz.jei.library.load.registration.AdvancedRegistration/]: Added recipe manager plugin: class appeng.integration.modules.jei.FacadeRegistryPlugin
[27Feb2025 00:37:21.898] [Render thread/INFO] [mezz.jei.library.load.PluginCaller/]: Registering advanced plugins took 1.316 ms
[27Feb2025 00:37:21.898] [Render thread/INFO] [mezz.jei.library.load.PluginCaller/]: Registering recipes...
[27Feb2025 00:37:22.152] [Render thread/INFO] [mezz.jei.library.load.PluginCallerTimerRunnable/]: Registering recipes: jei:minecraft took 253.2 milliseconds
[27Feb2025 00:37:22.186] [Render thread/INFO] [mezz.jei.library.load.PluginCallerTimerRunnable/]: Registering recipes: ae2:core took 31.06 milliseconds
[27Feb2025 00:37:22.335] [Render thread/INFO] [mezz.jei.library.load.PluginCallerTimerRunnable/]: Registering recipes: create:jei_plugin took 148.3 milliseconds
[27Feb2025 00:37:22.390] [Render thread/INFO] [mezz.jei.library.load.PluginCallerTimerRunnable/]: Registering recipes: jei:internal took 51.54 milliseconds
[27Feb2025 00:37:22.390] [Render thread/INFO] [mezz.jei.library.load.PluginCaller/]: Registering recipes took 491.7 ms
[27Feb2025 00:37:22.399] [Render thread/INFO] [mezz.jei.library.load.PluginCaller/]: Registering recipes transfer handlers...
[27Feb2025 00:37:22.405] [Render thread/INFO] [mezz.jei.library.load.PluginCaller/]: Registering recipes transfer handlers took 5.341 ms
[27Feb2025 00:37:22.409] [Render thread/INFO] [mezz.jei.core.util.LoggedTimer/]: Building runtime...
[27Feb2025 00:37:22.412] [Render thread/INFO] [mezz.jei.library.load.PluginCaller/]: Registering gui handlers...
[27Feb2025 00:37:22.425] [Render thread/INFO] [mezz.jei.library.load.PluginCaller/]: Registering gui handlers took 12.07 ms
[27Feb2025 00:37:22.427] [Render thread/INFO] [mezz.jei.library.load.PluginCaller/]: Registering Runtime...
[27Feb2025 00:37:22.430] [Render thread/INFO] [mezz.jei.gui.startup.JeiGuiStarter/]: Starting JEI GUI
[27Feb2025 00:37:22.430] [Render thread/INFO] [mezz.jei.core.util.LoggedTimer/]: Building ingredient list...
[27Feb2025 00:37:22.465] [Render thread/INFO] [mezz.jei.core.util.LoggedTimer/]: Building ingredient list took 35.73 ms
[27Feb2025 00:37:22.465] [Render thread/INFO] [mezz.jei.core.util.LoggedTimer/]: Building ingredient filter...
[27Feb2025 00:37:22.495] [Render thread/INFO] [mezz.jei.gui.ingredients.IngredientFilter/]: Adding 3607 ingredients
[27Feb2025 00:37:22.833] [Render thread/INFO] [mezz.jei.gui.ingredients.IngredientFilter/]: Added 3607 ingredients
[27Feb2025 00:37:22.834] [Render thread/INFO] [mezz.jei.core.util.LoggedTimer/]: Building ingredient filter took 367.8 ms
[27Feb2025 00:37:22.947] [Render thread/INFO] [mezz.jei.library.load.PluginCallerTimerRunnable/]: Registering Runtime: jei:forge_gui took 519.4 milliseconds
[27Feb2025 00:37:22.947] [Render thread/INFO] [mezz.jei.library.load.PluginCaller/]: Registering Runtime took 520.4 ms
[27Feb2025 00:37:22.949] [Render thread/INFO] [mezz.jei.core.util.LoggedTimer/]: Building runtime took 538.1 ms
[27Feb2025 00:37:22.949] [Render thread/INFO] [mezz.jei.library.load.PluginCaller/]: Sending Runtime...
[27Feb2025 00:37:22.950] [Render thread/INFO] [mezz.jei.library.load.PluginCaller/]: Sending Runtime took 1.592 ms
[27Feb2025 00:37:22.950] [Render thread/INFO] [mezz.jei.core.util.LoggedTimer/]: Starting JEI took 1.300 s
[27Feb2025 00:37:23.480] [Render thread/INFO] [net.minecraft.advancements.AdvancementList/]: Loaded 243 advancements
[27Feb2025 00:37:28.396] [Server thread/INFO] [net.minecraft.client.server.IntegratedServer/]: Saving and pausing game...
[27Feb2025 00:37:28.410] [Server thread/INFO] [net.minecraft.server.MinecraftServer/]: Saving chunks for level 'ServerLevel[New World]'/minecraft:overworld
[27Feb2025 00:37:28.426] [Server thread/INFO] [net.minecraft.server.MinecraftServer/]: Saving chunks for level 'ServerLevel[New World]'/createteleporters:pocket_dimension
[27Feb2025 00:37:28.427] [Server thread/INFO] [net.minecraft.server.MinecraftServer/]: Saving chunks for level 'ServerLevel[New World]'/create_dd:ponder
[27Feb2025 00:37:28.427] [Server thread/INFO] [net.minecraft.server.MinecraftServer/]: Saving chunks for level 'ServerLevel[New World]'/minecraft:the_nether
[27Feb2025 00:37:28.429] [Server thread/INFO] [net.minecraft.server.MinecraftServer/]: Saving chunks for level 'ServerLevel[New World]'/minecraft:the_end
[27Feb2025 00:37:28.431] [Server thread/INFO] [net.minecraft.server.MinecraftServer/]: Saving chunks for level 'ServerLevel[New World]'/ae2:spatial_storage
[27Feb2025 00:38:34.846] [Server thread/INFO] [net.minecraft.client.server.IntegratedServer/]: Saving and pausing game...
[27Feb2025 00:38:34.853] [Server thread/INFO] [net.minecraft.server.MinecraftServer/]: Saving chunks for level 'ServerLevel[New World]'/minecraft:overworld
[27Feb2025 00:38:34.859] [Server thread/INFO] [net.minecraft.server.MinecraftServer/]: Saving chunks for level 'ServerLevel[New World]'/createteleporters:pocket_dimension
[27Feb2025 00:38:34.859] [Server thread/INFO] [net.minecraft.server.MinecraftServer/]: Saving chunks for level 'ServerLevel[New World]'/create_dd:ponder
[27Feb2025 00:38:34.860] [Server thread/INFO] [net.minecraft.server.MinecraftServer/]: Saving chunks for level 'ServerLevel[New World]'/minecraft:the_nether
[27Feb2025 00:38:34.860] [Server thread/INFO] [net.minecraft.server.MinecraftServer/]: Saving chunks for level 'ServerLevel[New World]'/minecraft:the_end
[27Feb2025 00:38:34.860] [Server thread/INFO] [net.minecraft.server.MinecraftServer/]: Saving chunks for level 'ServerLevel[New World]'/ae2:spatial_storage
[27Feb2025 00:38:35.181] [Render thread/INFO] [mezz.jei.forge.startup.StartEventObserver/]: JEI StartEventObserver received class net.minecraftforge.client.event.ClientPlayerNetworkEvent$LoggingOut
[27Feb2025 00:38:35.181] [Render thread/INFO] [mezz.jei.forge.startup.StartEventObserver/]: JEI StartEventObserver transitioning state from JEI_STARTED to DISABLED
[27Feb2025 00:38:35.181] [Render thread/INFO] [mezz.jei.library.startup.JeiStarter/]: Stopping JEI
[27Feb2025 00:38:35.181] [Render thread/INFO] [mezz.jei.library.load.PluginCaller/]: Sending Runtime Unavailable...
[27Feb2025 00:38:35.181] [Render thread/INFO] [mezz.jei.forge.plugins.forge.ForgeGuiPlugin/]: Stopping JEI GUI
[27Feb2025 00:38:35.182] [Render thread/INFO] [mezz.jei.library.load.PluginCaller/]: Sending Runtime Unavailable took 1.582 ms
[27Feb2025 00:38:35.200] [Server thread/INFO] [net.minecraft.server.network.ServerGamePacketListenerImpl/]: Dev lost connection: Disconnected
[27Feb2025 00:38:35.200] [Server thread/INFO] [net.minecraft.server.MinecraftServer/]: Dev left the game
[27Feb2025 00:38:35.212] [Server thread/INFO] [net.minecraft.server.network.ServerGamePacketListenerImpl/]: Stopping singleplayer server as player logged out
[27Feb2025 00:38:35.247] [Server thread/INFO] [net.minecraft.server.MinecraftServer/]: Stopping server
[27Feb2025 00:38:35.247] [Server thread/INFO] [net.minecraft.server.MinecraftServer/]: Saving players
[27Feb2025 00:38:35.247] [Server thread/INFO] [net.minecraft.server.MinecraftServer/]: Saving worlds
[27Feb2025 00:38:35.496] [Server thread/INFO] [net.minecraft.server.MinecraftServer/]: Saving chunks for level 'ServerLevel[New World]'/minecraft:overworld
[27Feb2025 00:38:35.691] [Server thread/INFO] [net.minecraft.server.MinecraftServer/]: Saving chunks for level 'ServerLevel[New World]'/createteleporters:pocket_dimension
[27Feb2025 00:38:35.691] [Server thread/INFO] [net.minecraft.server.MinecraftServer/]: Saving chunks for level 'ServerLevel[New World]'/create_dd:ponder
[27Feb2025 00:38:35.692] [Server thread/INFO] [net.minecraft.server.MinecraftServer/]: Saving chunks for level 'ServerLevel[New World]'/minecraft:the_nether
[27Feb2025 00:38:35.694] [Server thread/INFO] [net.minecraft.server.MinecraftServer/]: Saving chunks for level 'ServerLevel[New World]'/minecraft:the_end
[27Feb2025 00:38:35.695] [Server thread/INFO] [net.minecraft.server.MinecraftServer/]: Saving chunks for level 'ServerLevel[New World]'/ae2:spatial_storage
[27Feb2025 00:38:35.715] [Server thread/INFO] [net.minecraft.server.MinecraftServer/]: ThreadedAnvilChunkStorage (New World): All chunks are saved
[27Feb2025 00:38:35.715] [Server thread/INFO] [net.minecraft.server.MinecraftServer/]: ThreadedAnvilChunkStorage (pocket_dimension): All chunks are saved
[27Feb2025 00:38:35.715] [Server thread/INFO] [net.minecraft.server.MinecraftServer/]: ThreadedAnvilChunkStorage (ponder): All chunks are saved
[27Feb2025 00:38:35.715] [Server thread/INFO] [net.minecraft.server.MinecraftServer/]: ThreadedAnvilChunkStorage (DIM-1): All chunks are saved
[27Feb2025 00:38:35.715] [Server thread/INFO] [net.minecraft.server.MinecraftServer/]: ThreadedAnvilChunkStorage (DIM1): All chunks are saved
[27Feb2025 00:38:35.715] [Server thread/INFO] [net.minecraft.server.MinecraftServer/]: ThreadedAnvilChunkStorage (spatial_storage): All chunks are saved
[27Feb2025 00:38:35.715] [Server thread/INFO] [net.minecraft.server.MinecraftServer/]: ThreadedAnvilChunkStorage: All dimensions are saved
[27Feb2025 00:38:36.994] [Render thread/INFO] [net.minecraft.client.Minecraft/]: Stopping!
